"Date","Price","Open","High","Low","Vol.","Change %"
"12/29/2025","3.800","3.800","3.800","3.650","27.00K","0.00%"
"12/26/2025","3.800","3.800","3.800","3.800","3.00K","0.00%"
"12/23/2025","3.800","3.800","3.800","3.800","191.00K","0.00%"
"12/22/2025","3.800","3.800","3.800","3.800","24.00K","0.00%"
"12/19/2025","3.800","3.800","3.800","3.750","5.00K","0.00%"
"12/18/2025","3.800","3.710","3.800","3.710","11.00K","1.33%"
"12/17/2025","3.750","3.750","3.750","3.750","1.00K","-1.32%"
"12/16/2025","3.800","3.800","3.800","3.800","27.00K","0.00%"
"12/15/2025","3.800","3.800","3.800","3.800","12.00K","0.00%"
"12/12/2025","3.800","3.800","3.800","3.800","2.00K","0.00%"
"12/11/2025","3.800","3.700","3.800","3.700","26.00K","0.00%"
"12/10/2025","3.800","3.800","3.800","3.690","25.00K","0.00%"
"12/09/2025","3.800","3.700","3.800","3.670","27.00K","3.26%"
"12/05/2025","3.680","3.750","3.750","3.680","11.00K","-1.87%"
"12/04/2025","3.750","3.800","3.800","3.750","7.00K","-1.32%"
"12/03/2025","3.800","3.800","3.800","3.800","7.00K","0.26%"
"12/02/2025","3.790","3.750","3.790","3.750","5.00K","1.07%"
"12/01/2025","3.750","3.750","3.750","3.750","4.00K","0.00%"
"11/28/2025","3.750","3.800","3.800","3.750","6.00K","-1.32%"
"11/27/2025","3.800","3.800","3.800","3.800","55.00K","1.88%"
"11/26/2025","3.730","3.800","3.800","3.730","13.00K","-0.53%"
"11/25/2025","3.750","3.800","3.800","3.750","13.00K","-1.32%"
"11/24/2025","3.800","3.800","3.800","3.800","2.00K","0.00%"
"11/21/2025","3.800","3.750","3.800","3.750","17.00K","1.33%"
"11/20/2025","3.750","3.740","3.750","3.740","9.00K","0.27%"
"11/19/2025","3.740","3.750","3.750","3.740","4.00K","-0.27%"
"11/18/2025","3.750","3.750","3.750","3.750","12.00K","0.00%"
"11/17/2025","3.750","3.750","3.750","3.750","27.00K","0.27%"
"11/14/2025","3.740","3.750","3.750","3.740","20.00K","-1.58%"
"11/13/2025","3.800","3.800","3.800","3.800","13.00K","0.00%"
"11/12/2025","3.800","3.750","3.800","3.750","12.00K","1.33%"
"11/11/2025","3.750","3.800","3.800","3.750","7.00K","-1.32%"
"11/10/2025","3.800","3.800","3.800","3.800","4.00K","0.00%"
"11/07/2025","3.800","3.800","3.800","3.800","1.00K","1.33%"
"11/06/2025","3.750","3.800","3.800","3.750","2.00K","0.00%"
"11/05/2025","3.750","3.750","3.750","3.750","9.00K","0.00%"
"11/04/2025","3.750","3.750","3.750","3.750","2.00K","-1.06%"
"11/03/2025","3.790","3.790","3.790","3.790","4.00K","0.00%"
"10/30/2025","3.790","3.800","3.800","3.790","9.00K","0.00%"
"10/29/2025","3.790","3.790","3.800","3.790","7.00K","0.00%"
"10/28/2025","3.790","3.790","3.800","3.790","17.00K","3.84%"
"10/27/2025","3.650","3.650","3.650","3.650","8.00K","1.39%"
"10/24/2025","3.600","3.800","3.800","3.600","15.00K","-5.26%"
"10/22/2025","3.800","3.800","3.800","3.800","4.00K","0.00%"
"10/21/2025","3.800","3.800","3.800","3.800","9.00K","1.33%"
"10/20/2025","3.750","3.800","3.800","3.750","16.00K","1.35%"
"10/17/2025","3.700","3.790","3.790","3.700","47.00K","-1.33%"
"10/16/2025","3.750","3.700","3.760","3.570","22.00K","-2.34%"
"10/15/2025","3.840","3.840","3.840","3.840","6.00K","0.00%"
"10/14/2025","3.840","3.820","3.840","3.800","33.00K","0.52%"
"10/13/2025","3.820","3.820","3.840","3.820","9.00K","0.00%"
"10/10/2025","3.820","3.900","3.900","3.820","22.00K","0.00%"
"10/08/2025","3.820","3.820","3.850","3.820","40.00K","0.53%"
"10/07/2025","3.800","3.940","3.940","3.800","35.00K","2.43%"
"10/06/2025","3.710","3.720","3.950","3.710","10.00K","-0.27%"
"10/02/2025","3.720","3.720","3.720","3.720","6.00K","0.00%"
"10/01/2025","3.720","3.750","3.750","3.650","14.00K","-0.80%"
"09/30/2025","3.750","3.880","3.880","3.750","39.00K","-3.35%"
"09/29/2025","3.880","3.880","3.880","3.880","1.00K","-2.27%"
"09/26/2025","3.970","3.980","3.980","3.970","4.00K","-0.25%"
"09/25/2025","3.980","3.980","3.980","3.980","1.00K","0.00%"
"09/24/2025","3.980","4.000","4.000","3.900","6.00K","0.00%"
"09/23/2025","3.980","4.000","4.000","3.870","4.00K","0.25%"
"09/22/2025","3.970","3.970","3.970","3.970","1.00K","2.85%"
"09/19/2025","3.860","3.860","3.860","3.860","1.00K","-3.26%"
"09/18/2025","3.990","3.990","3.990","3.990","3.00K","0.00%"
"09/17/2025","3.990","3.990","3.990","3.990","4.00K","2.31%"
"09/16/2025","3.900","3.900","3.900","3.900","15.00K","0.00%"
"09/15/2025","3.900","3.900","3.900","3.900","1.00K","0.00%"
"09/12/2025","3.900","3.900","3.900","3.900","1.00K","0.52%"
"09/10/2025","3.880","3.990","3.990","3.880","6.00K","-2.76%"
"09/09/2025","3.990","3.970","4.000","3.970","4.00K","0.50%"
"09/08/2025","3.970","3.970","3.970","3.970","4.00K","0.00%"
"09/05/2025","3.970","3.970","3.970","3.970","4.00K","0.00%"
"09/04/2025","3.970","3.970","3.970","3.970","4.00K","0.00%"
"09/03/2025","3.970","3.990","3.990","3.840","8.00K","-0.50%"
"09/02/2025","3.990","3.830","3.990","3.820","3.00K","1.01%"
"09/01/2025","3.950","3.820","3.950","3.820","2.00K","3.95%"
"08/29/2025","3.800","3.810","3.980","3.800","46.00K","-2.56%"
"08/28/2025","3.900","3.910","3.910","3.900","11.00K","0.00%"
"08/27/2025","3.900","3.990","4.000","3.900","105.00K","-0.26%"
"08/26/2025","3.910","4.000","4.010","3.910","23.00K","-2.25%"
"08/22/2025","4.000","3.900","4.000","3.900","3.00K","-0.50%"
"08/20/2025","4.020","3.900","4.020","3.900","42.00K","0.50%"
"08/19/2025","4.000","4.000","4.000","4.000","4.00K","-1.48%"
"08/18/2025","4.060","3.860","4.090","3.860","5.00K","4.10%"
"08/15/2025","3.900","3.850","3.990","3.850","31.00K","0.00%"
"08/14/2025","3.900","4.030","4.030","3.900","76.00K","-3.23%"
"08/13/2025","4.030","4.150","4.150","4.020","15.00K","-1.71%"
"08/12/2025","4.100","4.100","4.100","4.100","5.00K","0.00%"
"08/11/2025","4.100","4.060","4.100","4.060","2.00K","0.00%"
"08/08/2025","4.100","4.030","4.100","4.030","5.00K","1.74%"
"08/07/2025","4.030","4.090","4.090","4.030","21.00K","-0.25%"
"08/06/2025","4.040","4.030","4.100","4.030","20.00K","0.00%"
"08/05/2025","4.040","4.050","4.050","4.040","16.00K","0.00%"
"08/04/2025","4.040","4.110","4.110","4.040","44.00K","-0.25%"
"08/01/2025","4.050","4.140","4.140","4.050","25.00K","-1.22%"
"07/31/2025","4.100","4.310","4.320","4.100","59.00K","-1.44%"
"07/30/2025","4.160","4.350","4.350","4.160","6.00K","-0.95%"
"07/28/2025","4.200","4.170","4.200","4.160","5.00K","-4.33%"
"07/25/2025","4.390","4.450","4.450","4.210","7.00K","-2.23%"
"07/24/2025","4.490","4.370","4.500","4.370","61.00K","2.51%"
"07/23/2025","4.380","4.110","4.400","4.110","8.00K","6.57%"
"07/22/2025","4.110","4.110","4.110","4.110","1.00K","-1.67%"
"07/21/2025","4.180","4.160","4.180","4.160","3.00K","0.48%"
"07/18/2025","4.160","4.150","4.160","4.150","4.00K","0.24%"
"07/17/2025","4.150","4.150","4.150","4.150","1.00K","-0.24%"
"07/16/2025","4.160","4.030","4.160","4.030","8.00K","0.48%"
"07/15/2025","4.140","4.140","4.140","4.140","32.00K","0.00%"
"07/14/2025","4.140","4.110","4.200","4.110","21.00K","-1.43%"
"07/11/2025","4.200","4.200","4.200","4.190","6.00K","0.00%"
"07/10/2025","4.200","4.200","4.200","4.200","1.00K","0.00%"
"07/09/2025","4.200","4.170","4.260","4.160","8.00K","0.72%"
"07/08/2025","4.170","4.250","4.250","4.170","5.00K","0.00%"
"07/07/2025","4.170","4.170","4.170","4.170","1.00K","0.24%"
"07/04/2025","4.160","4.160","4.160","4.160","1.00K","-2.35%"
"07/03/2025","4.260","4.180","4.260","4.150","29.00K","1.43%"
"07/02/2025","4.200","4.260","4.260","4.200","9.00K","-1.64%"
"07/01/2025","4.270","4.270","4.270","4.270","1.00K","3.39%"
"06/30/2025","4.130","4.340","4.340","4.130","10.00K","0.73%"
"06/26/2025","4.100","4.410","4.430","4.100","42.00K","-7.66%"
"06/25/2025","4.440","4.130","4.490","4.100","27.00K","3.74%"
"06/24/2025","4.280","4.200","4.280","4.200","17.00K","4.39%"
"06/23/2025","4.100","4.080","4.100","3.940","15.00K","0.00%"
"06/20/2025","4.100","4.100","4.100","4.100","2.00K","0.00%"
"06/19/2025","4.100","4.090","4.100","4.090","3.00K","0.99%"
"06/18/2025","4.060","4.050","4.060","4.050","4.00K","1.50%"
"06/17/2025","4.000","4.000","4.000","3.800","105.00K","-0.50%"
"06/16/2025","4.020","4.110","4.110","4.000","84.00K","-4.29%"
"06/13/2025","4.200","4.300","4.300","4.200","60.00K","-2.33%"
"06/11/2025","4.300","4.320","4.320","4.300","19.00K","-1.60%"
"06/10/2025","4.370","4.400","4.400","4.260","11.00K","-0.68%"
"06/09/2025","4.400","4.370","4.400","4.360","6.00K","0.00%"
"06/05/2025","4.400","4.400","4.400","4.400","2.00K","0.00%"
"06/04/2025","4.400","4.400","4.400","4.400","6.00K","-1.12%"
"06/03/2025","4.450","4.470","4.490","4.450","8.00K","-0.45%"
"06/02/2025","4.470","4.480","4.480","4.470","3.00K","3.95%"
"05/30/2025","4.300","4.360","4.360","4.300","40.00K","-2.27%"
"05/29/2025","4.400","4.400","4.400","4.400","4.00K","0.92%"
"05/28/2025","4.360","4.380","4.380","4.360","16.00K","-0.68%"
"05/27/2025","4.390","4.470","4.480","4.390","14.00K","-0.23%"
"05/26/2025","4.400","4.500","4.500","4.400","17.00K","-0.45%"
"05/23/2025","4.420","4.450","4.450","4.410","25.00K","-0.67%"
"05/22/2025","4.450","4.500","4.500","4.400","30.00K","-1.11%"
"05/21/2025","4.500","4.500","4.500","4.500","6.00K","0.45%"
"05/20/2025","4.480","4.480","4.480","4.480","15.00K","0.22%"
"05/19/2025","4.470","4.490","4.490","4.470","5.00K","0.00%"
"05/16/2025","4.470","4.470","4.470","4.470","1.00K","-0.67%"
"05/15/2025","4.500","4.520","4.520","4.500","44.00K","-0.44%"
"05/14/2025","4.520","4.650","4.650","4.520","61.00K","-2.80%"
"05/13/2025","4.650","4.700","4.700","4.650","4.00K","1.09%"
"05/09/2025","4.600","4.680","4.700","4.600","22.00K","-2.13%"
"05/08/2025","4.700","4.700","4.700","4.700","6.00K","0.00%"
"05/07/2025","4.700","4.700","4.700","4.550","10.00K","-0.21%"
"05/06/2025","4.710","4.720","4.720","4.710","2.00K","0.21%"
"05/05/2025","4.700","4.720","4.720","4.700","10.00K","-0.42%"
"05/02/2025","4.720","4.720","4.740","4.720","5.00K","3.51%"
"04/29/2025","4.560","4.560","4.560","4.560","1.00K","-1.30%"
"04/25/2025","4.620","4.620","4.620","4.620","1.00K","0.43%"
"04/24/2025","4.600","4.600","4.600","4.600","1.00K","0.88%"
"04/23/2025","4.560","4.730","4.730","4.560","4.00K","-0.87%"
"04/22/2025","4.600","4.590","4.600","4.590","6.00K","-2.95%"
"04/21/2025","4.740","4.750","4.750","4.740","5.00K","0.21%"
"04/16/2025","4.730","4.720","4.730","4.720","3.00K","-0.21%"
"04/15/2025","4.740","4.550","4.740","4.550","2.00K","0.21%"
"04/11/2025","4.730","4.720","4.750","4.720","3.00K","0.21%"
"04/10/2025","4.720","4.600","4.720","4.600","8.00K","4.89%"
"04/08/2025","4.500","4.500","4.500","4.500","7.00K","0.00%"
"04/07/2025","4.500","4.500","4.530","4.500","8.00K","-0.88%"
"04/04/2025","4.540","4.740","4.740","4.540","6.00K","-2.37%"
"04/03/2025","4.650","4.700","4.700","4.650","2.00K","-1.48%"
"04/02/2025","4.720","4.730","4.730","4.650","8.00K","-0.21%"
"03/31/2025","4.730","4.620","4.730","4.620","13.00K","7.50%"
"03/27/2025","4.400","4.710","4.710","4.400","13.00K","-6.58%"
"03/26/2025","4.710","4.710","4.710","4.710","1.00K","2.39%"
"03/25/2025","4.600","4.740","4.740","4.600","7.00K","-2.95%"
"03/24/2025","4.740","4.780","4.780","4.740","6.00K","0.00%"
"03/21/2025","4.740","4.740","4.740","4.740","2.00K","3.04%"
"03/20/2025","4.600","4.600","4.600","4.600","1.00K","0.00%"
"03/19/2025","4.600","4.610","4.610","4.600","4.00K","0.22%"
"03/17/2025","4.590","4.470","4.590","4.470","5.00K","2.91%"
"03/14/2025","4.460","4.600","4.600","4.460","43.00K","-4.09%"
"03/13/2025","4.650","4.650","4.650","4.650","2.00K","1.09%"
"03/12/2025","4.600","4.750","4.750","4.600","19.00K","-2.75%"
"03/11/2025","4.730","4.600","4.750","4.600","52.00K","3.73%"
"03/07/2025","4.560","4.560","4.560","4.560","1.00K","0.22%"
"03/05/2025","4.550","4.550","4.550","4.550","1.00K","0.89%"
"03/03/2025","4.510","4.670","4.750","4.510","19.00K","-1.10%"
"02/28/2025","4.560","4.560","4.560","4.560","8.00K","0.00%"
"02/27/2025","4.560","4.890","4.890","4.560","3.00K","-0.87%"
"02/24/2025","4.600","4.800","4.800","4.600","7.00K","-2.13%"
"02/21/2025","4.700","5.020","5.020","4.440","36.80K","-6.56%"
"02/20/2025","5.030","5.050","5.050","5.000","6.00K","2.65%"
"02/19/2025","4.900","4.980","4.980","4.420","30.00K","16.39%"
"02/18/2025","4.210","5.000","5.000","4.210","2.00K","-13.02%"
"02/13/2025","4.840","4.840","4.840","4.840","1.00K","0.00%"
"02/12/2025","4.840","4.900","4.900","4.840","2.00K","0.83%"
"02/10/2025","4.800","5.010","5.010","4.800","7.10K","-4.19%"
"02/07/2025","5.010","5.010","5.010","5.010","1.00K","6.37%"
"02/06/2025","4.710","5.090","5.100","4.710","7.00K","0.00%"
"02/05/2025","4.710","5.100","5.100","4.710","2.00K","0.21%"
"02/04/2025","4.700","4.700","4.700","4.700","1.00K","-0.42%"
"02/03/2025","4.720","4.510","5.100","4.510","29.00K","4.66%"
"01/31/2025","4.510","4.500","4.510","4.500","24.00K","-6.43%"
"01/30/2025","4.820","5.100","5.150","4.810","5.10K","-6.41%"
"01/28/2025","5.150","5.150","5.150","5.150","5.50K","0.00%"
"01/27/2025","5.150","5.160","5.160","5.150","1.10K","-0.77%"
"01/24/2025","5.190","5.190","5.190","5.190","25.00K","6.13%"
"01/23/2025","4.890","4.610","4.890","4.610","3.90K","-2.20%"
"01/22/2025","5.000","5.000","5.000","4.750","1.40K","0.00%"
"01/21/2025","5.000","4.700","5.000","4.700","15.00K","7.99%"
"01/20/2025","4.630","5.000","5.000","4.630","18.00K","-6.84%"
"01/17/2025","4.970","4.750","4.970","4.750","2.00K","9.47%"
"01/16/2025","4.540","4.560","4.560","4.510","14.00K","-2.16%"
"01/15/2025","4.640","4.500","4.640","4.500","2.80K","-7.20%"
"01/14/2025","5.000","4.800","5.030","4.800","6.00K","5.49%"
"01/13/2025","4.740","4.740","4.760","4.740","13.00K","-1.25%"
"01/10/2025","4.800","4.720","4.800","4.720","50.00K","1.27%"
"01/09/2025","4.740","4.580","4.740","4.580","26.00K","-0.42%"
"01/08/2025","4.760","4.800","4.800","4.540","29.00K","-0.83%"
"01/07/2025","4.800","4.850","4.850","4.800","39.00K","-0.62%"
"01/06/2025","4.830","4.830","4.830","4.830","4.00K","0.00%"
"01/03/2025","4.830","4.900","4.900","4.830","5.00K","-2.42%"
"01/02/2025","4.950","4.950","4.950","4.950","5.00K","0.00%"
"12/27/2024","4.950","4.990","4.990","4.950","10.00K","9.03%"
"12/26/2024","4.540","4.550","4.550","4.540","12.00K","0.67%"
"12/23/2024","4.510","4.800","4.800","4.510","7.00K","-5.25%"
"12/20/2024","4.760","4.760","4.760","4.760","1.00K","0.21%"
"12/18/2024","4.750","4.800","4.800","4.750","19.00K","-1.04%"
"12/17/2024","4.800","5.000","5.000","4.800","2.50K","-4.00%"
"12/16/2024","5.000","4.300","5.000","4.300","0.60K","0.00%"
"12/13/2024","5.000","5.080","5.080","5.000","1.60K","-1.57%"
"12/12/2024","5.080","5.080","5.080","5.080","1.50K","1.60%"
"12/11/2024","5.000","5.080","5.080","5.000","9.10K","-1.57%"
"12/10/2024","5.080","5.080","5.080","5.070","4.20K","0.40%"
"12/09/2024","5.060","5.050","5.060","5.050","3.90K","1.20%"
"12/06/2024","5.000","5.000","5.000","5.000","3.00K","3.73%"
"12/03/2024","4.820","4.820","4.820","4.820","8.00K","0.00%"
"12/02/2024","4.820","4.900","4.900","4.820","11.00K","-1.43%"
"11/29/2024","4.890","5.000","5.000","4.850","4.60K","-5.78%"
"11/28/2024","5.190","5.200","5.200","4.900","5.10K","-0.19%"
"11/27/2024","5.200","4.990","5.200","4.990","1.10K","4.00%"
"11/26/2024","5.000","5.100","5.100","5.000","9.00K","0.20%"
"11/22/2024","4.990","5.000","5.050","4.990","51.00K","0.00%"
"11/21/2024","4.990","4.550","5.240","4.550","28.00K","11.38%"
"11/20/2024","4.480","5.250","5.250","4.480","2.00K","-10.04%"
"11/19/2024","4.980","5.000","5.190","4.980","65.10K","-4.23%"
"11/18/2024","5.200","5.280","5.280","4.980","11.60K","-1.52%"
"11/15/2024","5.280","5.030","5.280","5.030","3.10K","1.73%"
"11/14/2024","5.190","5.190","5.190","5.190","16.50K","-0.19%"
"11/13/2024","5.200","5.000","5.200","5.000","3.80K","-0.76%"
"11/12/2024","5.240","5.260","5.260","4.980","60.90K","-1.13%"
"11/11/2024","5.300","5.310","5.310","5.250","23.40K","0.95%"
"11/08/2024","5.250","5.250","5.250","5.250","4.50K","0.00%"
"11/07/2024","5.250","5.320","5.320","5.250","6.40K","-1.32%"
"11/06/2024","5.320","5.250","5.320","5.250","1.20K","0.00%"
"11/05/2024","5.320","5.330","5.330","5.200","1.30K","-0.19%"
"11/04/2024","5.330","5.340","5.340","5.160","2.40K","-0.19%"
"10/31/2024","5.340","5.340","5.340","5.340","0.10K","0.00%"
"10/30/2024","5.340","5.350","5.350","5.150","1.10K","0.38%"
"10/29/2024","5.320","5.330","5.330","5.160","2.80K","-0.19%"
"10/28/2024","5.330","5.330","5.330","5.210","15.20K","0.00%"
"10/25/2024","5.330","5.330","5.330","5.330","1.80K","0.00%"
"10/24/2024","5.330","5.350","5.350","5.150","2.10K","-0.37%"
"10/23/2024","5.350","5.300","5.350","5.210","19.90K","0.38%"
"10/22/2024","5.330","5.330","5.330","5.300","13.20K","0.57%"
"10/21/2024","5.300","5.330","5.330","5.220","7.80K","-0.56%"
"10/18/2024","5.330","5.330","5.330","5.320","9.70K","0.00%"
"10/17/2024","5.330","5.330","5.330","5.330","11.00K","0.00%"
"10/16/2024","5.330","5.330","5.330","5.300","12.20K","0.00%"
"10/15/2024","5.330","5.330","5.330","5.330","4.60K","0.00%"
"10/14/2024","5.330","5.360","5.390","5.330","10.90K","-0.56%"
"10/11/2024","5.360","5.360","5.360","5.330","9.60K","2.49%"
"10/10/2024","5.230","5.330","5.360","5.230","15.20K","0.19%"
"10/09/2024","5.220","5.340","5.340","5.220","5.30K","0.19%"
"10/08/2024","5.210","5.340","5.340","5.210","20.40K","0.00%"
"10/07/2024","5.210","5.350","5.350","5.210","8.90K","-2.62%"
"10/04/2024","5.350","5.340","5.350","5.270","2.30K","1.52%"
"10/03/2024","5.270","5.320","5.350","5.270","8.70K","-0.94%"
"10/02/2024","5.320","5.340","5.340","5.320","6.40K","0.76%"
"10/01/2024","5.280","5.300","5.300","5.280","4.30K","-0.38%"
"09/30/2024","5.300","5.300","5.350","5.300","14.90K","0.76%"
"09/27/2024","5.260","5.270","5.270","5.260","5.80K","-0.38%"
"09/26/2024","5.280","5.210","5.280","5.210","42.80K","0.38%"
"09/25/2024","5.260","5.260","5.270","5.150","9.20K","1.15%"
"09/24/2024","5.200","5.250","5.260","5.100","85.50K","-0.57%"
"09/23/2024","5.230","5.200","5.260","5.200","15.10K","0.58%"
"09/20/2024","5.200","5.180","5.280","5.180","95.90K","0.39%"
"09/19/2024","5.180","5.110","5.180","5.050","14.20K","1.37%"
"09/18/2024","5.110","5.000","5.110","4.950","34.20K","2.20%"
"09/17/2024","5.000","5.050","5.070","5.000","44.30K","-1.19%"
"09/16/2024","5.060","5.180","5.180","5.060","4.70K","-1.94%"
"09/13/2024","5.160","5.180","5.190","5.160","27.40K","-0.39%"
"09/12/2024","5.180","5.100","5.180","5.020","23.00K","1.37%"
"09/11/2024","5.110","5.100","5.190","5.100","37.20K","0.20%"
"09/10/2024","5.100","5.010","5.200","5.010","17.90K","0.20%"
"09/09/2024","5.090","5.000","5.190","5.000","19.10K","1.80%"
"09/06/2024","5.000","5.100","5.100","5.000","118.90K","-0.79%"
"09/05/2024","5.040","5.210","5.210","5.020","25.40K","-3.26%"
"09/04/2024","5.210","5.040","5.220","5.040","2.30K","-0.19%"
"09/03/2024","5.220","5.230","5.230","5.050","7.80K","0.00%"
"09/02/2024","5.220","5.080","5.260","5.080","2.50K","2.76%"
"08/30/2024","5.080","5.220","5.220","5.080","21.10K","0.59%"
"08/29/2024","5.050","5.040","5.260","5.040","13.20K","-2.88%"
"08/28/2024","5.200","5.250","5.250","5.200","7.20K","-1.33%"
"08/27/2024","5.270","5.290","5.290","5.010","16.00K","-0.57%"
"08/22/2024","5.300","5.380","5.380","5.300","1.30K","6.00%"
"08/21/2024","5.000","5.110","5.140","5.000","131.40K","-1.38%"
"08/20/2024","5.070","5.160","5.230","5.070","7.00K","-0.98%"
"08/19/2024","5.120","5.040","5.170","5.040","9.10K","-0.97%"
"08/16/2024","5.170","5.170","5.180","5.000","45.60K","0.00%"
"08/15/2024","5.170","5.170","5.170","5.150","6.20K","3.40%"
"08/14/2024","5.000","5.250","5.250","5.000","28.20K","-4.76%"
"08/13/2024","5.250","5.370","5.370","5.250","3.50K","-0.94%"
"08/12/2024","5.300","5.200","5.300","5.080","21.00K","1.92%"
"08/09/2024","5.200","5.210","5.350","5.200","7.10K","1.17%"
"08/08/2024","5.140","5.300","5.300","5.140","10.70K","-1.15%"
"08/07/2024","5.200","5.200","5.340","5.110","3.30K","-2.80%"
"08/06/2024","5.350","5.350","5.350","5.350","3.00K","0.00%"
"08/05/2024","5.350","5.200","5.350","5.200","5.30K","2.88%"
"08/02/2024","5.200","5.350","5.350","5.200","516.90K","-0.95%"
"08/01/2024","5.250","5.300","5.300","5.250","2.60K","0.00%"
"07/31/2024","5.250","5.300","5.350","5.250","19.00K","0.00%"
"07/30/2024","5.250","5.310","5.310","5.250","9.20K","-1.32%"
"07/29/2024","5.320","5.320","5.500","5.320","17.90K","0.00%"
"07/26/2024","5.320","5.500","5.500","5.320","0.50K","-0.56%"
"07/25/2024","5.350","5.350","5.350","5.310","4.40K","0.00%"
"07/23/2024","5.350","5.400","5.400","5.300","5.20K","-0.93%"
"07/22/2024","5.400","5.400","5.450","5.400","2.30K","0.00%"
"07/19/2024","5.400","5.400","5.400","5.300","8.90K","-1.82%"
"07/18/2024","5.500","5.500","5.500","5.500","1.20K","0.00%"
"07/17/2024","5.500","5.470","5.500","5.350","2.10K","0.55%"
"07/16/2024","5.470","5.450","5.470","5.450","0.70K","1.30%"
"07/15/2024","5.400","5.400","5.500","5.400","5.10K","0.00%"
"07/12/2024","5.400","5.400","5.400","5.300","6.20K","0.00%"
"07/11/2024","5.400","5.400","5.400","5.380","3.40K","-1.64%"
"07/10/2024","5.490","5.350","5.500","5.350","17.20K","3.58%"
"07/09/2024","5.300","5.450","5.450","5.300","7.70K","-0.75%"
"07/08/2024","5.340","5.400","5.500","5.340","11.00K","-0.19%"
"07/05/2024","5.350","5.390","5.400","5.300","15.20K","-0.93%"
"07/04/2024","5.400","5.400","5.400","5.330","2.70K","0.93%"
"07/03/2024","5.350","5.300","5.350","5.240","22.90K","-2.01%"
"07/02/2024","5.460","5.460","5.460","5.460","1.40K","2.63%"
"07/01/2024","5.320","5.360","5.470","5.320","2.30K","-0.75%"
"06/28/2024","5.360","5.360","5.360","5.360","0.10K","-0.74%"
"06/27/2024","5.400","5.350","5.400","5.350","7.80K","-1.28%"
"06/26/2024","5.470","5.350","5.490","5.350","5.10K","2.24%"
"06/25/2024","5.350","5.400","5.500","5.350","16.70K","-3.43%"
"06/24/2024","5.540","5.550","5.550","5.400","8.40K","2.59%"
"06/21/2024","5.400","5.550","5.550","5.400","13.70K","-1.82%"
"06/20/2024","5.500","5.450","5.500","5.450","5.40K","0.00%"
"06/19/2024","5.500","5.500","5.640","5.500","31.30K","-2.14%"
"06/18/2024","5.620","5.450","5.650","5.450","14.00K","-0.53%"
"06/14/2024","5.650","5.350","5.650","5.350","12.10K","5.41%"
"06/13/2024","5.360","5.400","5.400","5.360","11.50K","-0.74%"
"06/11/2024","5.400","5.500","5.500","5.400","12.10K","-1.82%"
"06/10/2024","5.500","5.450","5.500","5.450","0.50K","0.92%"
"06/07/2024","5.450","5.400","5.450","5.400","41.30K","0.00%"
"06/06/2024","5.450","5.500","5.500","5.370","1.90K","-0.91%"
"06/05/2024","5.500","5.650","5.650","5.400","11.10K","-2.65%"
"06/04/2024","5.650","5.640","5.650","5.400","2.40K","0.18%"
"06/03/2024","5.640","5.430","5.640","5.400","8.70K","3.87%"
"05/31/2024","5.430","5.690","5.690","5.420","3.60K","0.56%"
"05/30/2024","5.400","5.400","5.420","5.400","22.30K","-4.76%"
"05/29/2024","5.670","5.500","5.670","5.400","28.90K","-0.35%"
"05/28/2024","5.690","5.500","5.690","5.450","17.20K","-0.18%"
"05/27/2024","5.700","5.750","5.750","5.700","0.70K","-0.87%"
"05/24/2024","5.750","5.750","5.750","5.510","15.70K","0.00%"
"05/23/2024","5.750","5.650","5.800","5.650","1.50K","0.70%"
"05/22/2024","5.710","5.750","5.750","5.650","5.00K","-1.55%"
"05/21/2024","5.800","5.800","5.800","5.800","1.30K","0.87%"
"05/20/2024","5.750","5.850","5.850","5.750","14.50K","-2.38%"
"05/17/2024","5.890","5.910","5.910","5.750","6.90K","0.86%"
"05/16/2024","5.840","5.920","5.920","5.800","11.30K","-1.35%"
"05/15/2024","5.920","5.920","5.920","5.920","3.10K","1.02%"
"05/14/2024","5.860","5.860","5.900","5.860","13.20K","2.09%"
"05/13/2024","5.740","5.650","5.900","5.650","11.20K","-3.04%"
"05/10/2024","5.920","5.980","5.980","5.620","3.90K","4.78%"
"05/09/2024","5.650","5.650","5.650","5.650","0.10K","0.00%"
"05/08/2024","5.650","5.700","5.700","5.650","5.10K","-0.88%"
"05/07/2024","5.700","5.980","5.980","5.700","0.60K","0.00%"
"05/06/2024","5.700","5.990","5.990","5.700","9.90K","-4.20%"
"05/03/2024","5.950","5.710","5.950","5.710","14.80K","0.85%"
"05/02/2024","5.900","5.900","5.900","5.900","10.70K","-0.84%"
"04/30/2024","5.950","5.980","5.980","5.950","0.20K","-0.50%"
"04/29/2024","5.980","5.980","5.980","5.980","1.10K","4.00%"
"04/26/2024","5.750","5.750","5.760","5.750","22.80K","0.00%"
"04/25/2024","5.750","5.740","5.750","5.740","0.50K","0.17%"
"04/24/2024","5.740","5.720","5.740","5.700","13.90K","0.35%"
"04/23/2024","5.720","6.000","6.000","5.720","0.70K","0.18%"
"04/22/2024","5.710","5.700","6.000","5.700","10.10K","-4.36%"
"04/19/2024","5.970","5.710","5.970","5.600","11.30K","4.55%"
"04/18/2024","5.710","5.880","5.880","5.710","12.50K","-3.22%"
"04/17/2024","5.900","5.900","5.900","5.900","0.70K","1.72%"
"04/16/2024","5.800","6.000","6.000","5.700","32.00K","-3.33%"
"04/15/2024","6.000","6.000","6.000","5.780","30.00K","-2.60%"
"04/12/2024","6.160","6.170","6.170","6.000","14.90K","-0.48%"
"04/11/2024","6.190","6.200","6.200","6.190","2.70K","-0.80%"
"04/08/2024","6.240","6.150","6.250","6.000","93.40K","1.46%"
"04/05/2024","6.150","5.990","6.150","5.850","538.40K","3.36%"
"04/04/2024","5.950","5.750","5.990","5.750","90.30K","4.39%"
"04/03/2024","5.700","5.580","5.750","5.580","35.20K","2.15%"
"04/02/2024","5.580","5.550","5.700","5.550","4.90K","0.54%"
"04/01/2024","5.550","5.500","5.550","5.500","7.80K","-0.89%"
"03/27/2024","5.600","5.700","5.750","5.600","13.90K","0.90%"
"03/26/2024","5.550","5.600","5.600","5.550","15.60K","-0.89%"
"03/25/2024","5.600","5.700","5.700","5.500","2.00K","2.75%"
"03/22/2024","5.450","5.450","5.700","5.450","14.40K","-4.39%"
"03/21/2024","5.700","5.450","5.700","5.450","24.70K","0.35%"
"03/20/2024","5.680","5.700","5.700","5.680","1.90K","-0.35%"
"03/19/2024","5.700","5.600","5.700","5.600","257.10K","1.79%"
"03/18/2024","5.600","5.580","5.600","5.500","25.10K","0.36%"
"03/15/2024","5.580","5.580","5.580","5.580","18.00K","1.45%"
"03/14/2024","5.500","5.580","5.580","5.500","22.80K","-1.43%"
"03/13/2024","5.580","5.500","5.600","5.500","20.30K","1.45%"
"03/12/2024","5.500","5.500","5.500","5.500","22.60K","1.85%"
"03/11/2024","5.400","5.600","5.600","5.150","20.20K","-3.57%"
"03/08/2024","5.600","5.400","5.630","5.400","22.60K","0.36%"
"03/07/2024","5.580","5.580","5.600","5.580","21.30K","0.00%"
"03/06/2024","5.580","5.600","5.600","5.580","34.10K","-0.18%"
"03/05/2024","5.590","5.500","5.590","5.500","32.80K","0.72%"
"03/04/2024","5.550","5.530","5.600","5.400","58.70K","0.36%"
"03/01/2024","5.530","5.580","5.620","5.500","23.10K","-0.90%"
"02/29/2024","5.580","5.570","5.580","5.360","20.70K","0.18%"
"02/28/2024","5.570","5.350","5.570","5.350","6.80K","5.09%"
"02/27/2024","5.300","5.500","5.500","5.300","3.00K","-5.02%"
"02/26/2024","5.580","5.350","5.580","5.220","3.90K","0.00%"
"02/23/2024","5.580","5.590","5.590","5.580","10.40K","3.72%"
"02/22/2024","5.380","5.210","5.380","5.210","29.10K","-3.76%"
"02/21/2024","5.590","5.620","5.620","5.590","0.50K","-0.89%"
"02/20/2024","5.640","5.660","5.660","5.640","1.10K","6.42%"
"02/19/2024","5.300","5.300","5.500","5.300","6.00K","1.73%"
"02/16/2024","5.210","5.350","5.680","5.210","10.60K","-5.27%"
"02/15/2024","5.500","5.500","5.500","5.500","1.50K","0.00%"
"02/14/2024","5.500","5.300","5.500","5.300","5.70K","2.80%"
"02/13/2024","5.350","5.500","5.500","5.300","0.80K","0.94%"
"02/12/2024","5.300","5.480","5.510","5.300","1.70K","-3.28%"
"02/08/2024","5.480","5.480","5.510","5.480","4.50K","1.48%"
"02/07/2024","5.400","5.400","5.400","5.400","4.00K","0.00%"
"02/06/2024","5.400","5.400","5.400","5.350","22.00K","0.37%"
"02/05/2024","5.380","5.400","5.400","5.380","1.00K","-1.82%"
"02/02/2024","5.480","5.290","5.480","5.270","10.70K","3.40%"
"02/01/2024","5.300","5.340","5.340","5.300","1.50K","-1.49%"
"01/30/2024","5.380","5.390","5.390","5.300","11.80K","1.51%"
"01/29/2024","5.300","5.210","5.300","5.210","7.40K","0.00%"
"01/26/2024","5.300","5.440","5.440","5.300","21.20K","0.00%"
"01/25/2024","5.300","5.500","5.500","5.250","35.00K","-4.16%"
"01/24/2024","5.530","5.550","5.550","5.530","0.60K","-0.36%"
"01/23/2024","5.550","5.400","5.680","5.400","31.40K","6.32%"
"01/22/2024","5.220","5.160","5.500","5.160","17.10K","1.56%"
"01/19/2024","5.140","5.500","5.500","5.140","5.90K","-6.03%"
"01/17/2024","5.470","5.480","5.480","5.470","0.60K","-0.55%"
"01/16/2024","5.500","5.380","5.500","5.380","38.20K","2.23%"
"01/15/2024","5.380","5.290","5.380","5.290","9.00K","0.56%"
"01/12/2024","5.350","5.360","5.360","5.130","23.20K","-0.19%"
"01/11/2024","5.360","5.110","5.440","5.110","4.20K","5.30%"
"01/10/2024","5.090","5.220","5.220","5.030","93.30K","-8.29%"
"01/08/2024","5.550","5.200","5.560","5.150","19.20K","6.73%"
"01/05/2024","5.200","5.100","5.680","5.070","46.20K","1.96%"
"01/04/2024","5.100","5.090","5.100","5.090","31.70K","0.39%"
"01/03/2024","5.080","5.080","5.080","5.080","0.70K","0.00%"
"01/02/2024","5.080","5.070","5.080","5.070","10.60K","0.20%"
"12/29/2023","5.070","5.300","5.300","5.070","10.30K","0.20%"
"12/27/2023","5.060","5.060","5.060","5.060","4.50K","0.00%"
"12/22/2023","5.060","5.060","5.100","5.060","6.00K","0.20%"
"12/21/2023","5.050","5.130","5.130","5.040","42.20K","-1.56%"
"12/20/2023","5.130","5.130","5.130","5.130","0.50K","0.20%"
"12/19/2023","5.120","5.280","5.300","5.120","109.10K","0.20%"
"12/18/2023","5.110","5.300","5.300","5.110","7.70K","-3.58%"
"12/15/2023","5.300","5.300","5.300","5.300","2.60K","-1.49%"
"12/14/2023","5.380","5.400","5.400","5.380","0.60K","3.46%"
"12/13/2023","5.200","5.200","5.200","5.200","9.80K","0.00%"
"12/12/2023","5.200","5.100","5.200","5.100","4.70K","1.96%"
"12/11/2023","5.100","5.200","5.200","5.100","8.10K","-1.92%"
"12/07/2023","5.200","5.400","5.400","5.200","2.60K","0.00%"
"12/06/2023","5.200","5.200","5.200","5.200","3.60K","1.96%"
"12/05/2023","5.100","5.430","5.430","5.100","7.80K","-0.97%"
"12/04/2023","5.150","5.130","5.490","5.130","8.80K","-4.28%"
"12/01/2023","5.380","5.350","5.380","5.350","0.20K","1.51%"
"11/30/2023","5.300","5.200","5.400","5.200","4.10K","1.92%"
"11/29/2023","5.200","5.300","5.300","5.200","10.20K","-2.62%"
"11/28/2023","5.340","5.390","5.390","5.340","2.10K","-0.93%"
"11/24/2023","5.390","5.390","5.390","5.390","0.10K","0.00%"
"11/22/2023","5.390","5.390","5.390","5.390","1.00K","0.00%"
"11/21/2023","5.390","5.250","5.390","5.250","13.30K","2.67%"
"11/20/2023","5.250","5.250","5.250","5.250","0.40K","0.00%"
"11/17/2023","5.250","5.250","5.370","5.250","31.90K","-2.05%"
"11/16/2023","5.360","5.250","5.360","5.250","55.70K","2.10%"
"11/15/2023","5.250","5.200","5.250","5.200","4.10K","0.96%"
"11/14/2023","5.200","5.110","5.400","5.100","13.20K","-3.70%"
"11/13/2023","5.400","5.290","5.400","5.290","29.50K","2.08%"
"11/10/2023","5.290","5.290","5.300","5.280","127.00K","3.32%"
"11/09/2023","5.120","5.290","5.290","5.080","2.70K","-1.35%"
"11/08/2023","5.190","5.190","5.190","5.190","32.80K","0.00%"
"11/07/2023","5.190","5.190","5.190","5.190","0.20K","-1.89%"
"11/06/2023","5.290","5.200","5.290","5.200","2.10K","1.73%"
"11/03/2023","5.200","5.190","5.200","5.190","6.90K","0.19%"
"10/31/2023","5.190","5.190","5.190","5.190","1.40K","-0.19%"
"10/27/2023","5.200","5.200","5.200","5.200","0.40K","0.00%"
"10/26/2023","5.200","5.260","5.260","5.190","0.70K","-1.14%"
"10/25/2023","5.260","5.200","5.260","5.200","4.70K","1.15%"
"10/24/2023","5.200","5.280","5.280","5.200","3.50K","0.00%"
"10/23/2023","5.200","5.200","5.200","5.200","4.30K","0.00%"
"10/20/2023","5.200","5.200","5.200","5.200","1.40K","0.00%"
"10/19/2023","5.200","5.280","5.280","5.200","0.70K","-1.52%"
"10/18/2023","5.280","5.280","5.280","5.280","2.60K","1.54%"
"10/17/2023","5.200","5.270","5.280","5.200","6.90K","-1.33%"
"10/16/2023","5.270","5.290","5.290","5.270","4.40K","0.76%"
"10/13/2023","5.230","5.200","5.290","5.200","7.50K","-1.13%"
"10/12/2023","5.290","5.250","5.290","5.250","16.30K","0.76%"
"10/11/2023","5.250","5.200","5.250","5.200","8.70K","0.77%"
"10/10/2023","5.210","5.250","5.250","5.210","50.70K","-1.51%"
"10/09/2023","5.290","5.290","5.290","5.290","14.40K","1.73%"
"10/06/2023","5.200","5.200","5.200","5.200","7.70K","0.00%"
"10/04/2023","5.200","5.110","5.200","5.110","1.00K","1.76%"
"10/03/2023","5.110","5.110","5.200","5.110","10.40K","-1.35%"
"10/02/2023","5.180","5.110","5.180","5.110","7.70K","1.37%"
"09/29/2023","5.110","5.040","5.200","5.040","37.80K","1.59%"
"09/28/2023","5.030","5.200","5.200","5.030","24.90K","-3.27%"
"09/27/2023","5.200","5.200","5.200","5.100","10.40K","0.00%"
"09/26/2023","5.200","5.100","5.200","5.100","5.30K","1.96%"
"09/25/2023","5.100","5.150","5.150","5.100","2.90K","-0.58%"
"09/22/2023","5.130","5.150","5.150","5.130","1.30K","1.79%"
"09/21/2023","5.040","5.030","5.040","5.030","3.70K","0.00%"
"09/20/2023","5.040","5.150","5.150","5.030","7.60K","-2.14%"
"09/19/2023","5.150","5.190","5.190","5.150","0.40K","1.98%"
"09/18/2023","5.050","5.050","5.050","5.050","0.50K","-2.88%"
"09/15/2023","5.200","5.030","5.200","5.030","2.10K","3.38%"
"09/14/2023","5.030","5.170","5.180","5.030","120.40K","-2.90%"
"09/13/2023","5.180","5.180","5.180","5.180","0.50K","2.57%"
"09/12/2023","5.050","5.030","5.050","5.030","3.70K","0.00%"
"09/11/2023","5.050","5.050","5.050","5.050","5.10K","0.20%"
"09/08/2023","5.040","5.050","5.050","5.040","2.50K","-0.20%"
"09/07/2023","5.050","5.050","5.050","5.030","16.20K","0.00%"
"09/06/2023","5.050","5.200","5.200","5.040","2.40K","-0.98%"
"09/05/2023","5.100","5.050","5.100","5.050","4.40K","-1.92%"
"09/04/2023","5.200","5.200","5.200","5.050","3.10K","0.00%"
"09/01/2023","5.200","5.200","5.300","5.200","4.10K","2.16%"
"08/31/2023","5.090","5.280","5.280","5.090","11.60K","-2.12%"
"08/30/2023","5.200","5.080","5.300","5.080","1.50K","0.97%"
"08/29/2023","5.150","5.130","5.180","5.130","12.30K","0.78%"
"08/25/2023","5.110","5.110","5.110","5.110","2.00K","0.00%"
"08/24/2023","5.110","5.100","5.280","5.100","6.10K","0.20%"
"08/23/2023","5.100","5.070","5.100","5.070","1.60K","-2.86%"
"08/22/2023","5.250","5.290","5.290","5.250","3.40K","0.96%"
"08/17/2023","5.200","5.050","5.280","5.050","6.50K","2.97%"
"08/16/2023","5.050","5.200","5.200","5.050","0.50K","-2.88%"
"08/15/2023","5.200","5.200","5.250","5.200","5.70K","0.00%"
"08/14/2023","5.200","5.240","5.240","5.050","9.00K","-0.76%"
"08/11/2023","5.240","5.060","5.250","5.060","7.30K","-0.19%"
"08/10/2023","5.250","5.250","5.250","5.250","0.60K","0.96%"
"08/09/2023","5.200","5.200","5.200","5.200","3.50K","2.77%"
"08/08/2023","5.060","5.150","5.340","5.040","41.90K","-1.75%"
"08/07/2023","5.150","5.340","5.340","5.150","1.00K","0.00%"
"08/04/2023","5.150","5.150","5.150","5.150","3.20K","0.00%"
"08/03/2023","5.150","5.290","5.290","5.150","4.50K","-3.56%"
"08/02/2023","5.340","5.330","5.340","5.150","5.10K","0.00%"
"08/01/2023","5.340","5.150","5.340","5.150","1.50K","1.71%"
"07/31/2023","5.250","5.160","5.250","5.160","5.70K","1.94%"
"07/28/2023","5.150","5.180","5.180","5.150","2.90K","-0.58%"
"07/27/2023","5.180","5.180","5.200","5.180","8.20K","-0.19%"
"07/26/2023","5.190","5.190","5.250","5.190","9.30K","-1.14%"
"07/25/2023","5.250","5.200","5.250","5.190","23.60K","0.96%"
"07/24/2023","5.200","5.200","5.200","5.200","14.50K","-0.95%"
"07/21/2023","5.250","5.180","5.250","5.180","6.00K","1.35%"
"07/20/2023","5.180","5.300","5.300","5.180","5.50K","-3.00%"
"07/19/2023","5.340","5.340","5.340","5.340","0.50K","0.75%"
"07/18/2023","5.300","5.300","5.300","5.300","1.50K","1.73%"
"07/17/2023","5.210","5.170","5.300","5.170","1.10K","-2.62%"
"07/14/2023","5.350","5.340","5.350","5.150","22.20K","2.49%"
"07/13/2023","5.220","5.340","5.340","5.210","4.70K","-2.25%"
"07/12/2023","5.340","5.340","5.340","5.340","7.50K","0.00%"
"07/11/2023","5.340","5.120","5.340","5.120","2.20K","4.30%"
"07/10/2023","5.120","5.210","5.210","5.100","17.60K","-1.73%"
"07/07/2023","5.210","5.210","5.210","5.210","6.00K","-2.62%"
"07/06/2023","5.350","5.350","5.350","5.350","10.30K","-1.83%"
"07/05/2023","5.450","5.410","5.450","5.220","10.60K","0.18%"
"07/04/2023","5.440","5.180","5.440","5.180","1.60K","0.00%"
"07/03/2023","5.440","5.200","5.440","5.120","10.20K","2.45%"
"06/30/2023","5.310","5.300","5.310","5.300","2.00K","2.12%"
"06/29/2023","5.200","5.300","5.350","5.180","5.30K","-1.89%"
"06/27/2023","5.300","5.450","5.450","5.300","18.40K","-0.93%"
"06/26/2023","5.350","5.440","5.440","5.130","32.10K","-1.83%"
"06/23/2023","5.450","5.450","5.450","5.450","0.70K","0.00%"
"06/22/2023","5.450","5.480","5.480","5.440","5.80K","1.30%"
"06/21/2023","5.380","5.480","5.480","5.380","0.40K","1.51%"
"06/20/2023","5.300","5.270","5.300","5.260","10.00K","0.57%"
"06/19/2023","5.270","5.400","5.400","5.250","9.50K","-2.41%"
"06/16/2023","5.400","5.460","5.460","5.400","34.00K","-1.10%"
"06/15/2023","5.460","5.450","5.670","5.450","7.00K","0.18%"
"06/14/2023","5.450","5.450","5.500","5.450","78.60K","-0.91%"
"06/13/2023","5.500","5.680","5.680","5.460","6.10K","0.92%"
"06/08/2023","5.450","5.450","5.450","5.450","1.50K","0.00%"
"06/07/2023","5.450","5.680","5.680","5.450","1.00K","-2.68%"
"06/06/2023","5.600","5.450","5.600","5.450","0.70K","0.00%"
"06/05/2023","5.600","5.450","5.670","5.450","3.90K","2.75%"
"06/02/2023","5.450","5.400","5.450","5.400","9.20K","-0.91%"
"06/01/2023","5.500","5.600","5.600","5.400","18.80K","0.00%"
"05/31/2023","5.500","5.400","5.500","5.400","8.60K","-3.17%"
"05/30/2023","5.680","5.680","5.680","5.680","4.80K","0.00%"
"05/29/2023","5.680","5.400","5.680","5.400","12.80K","6.17%"
"05/26/2023","5.350","5.350","5.350","5.350","0.30K","0.56%"
"05/25/2023","5.320","5.670","5.680","5.270","7.00K","-6.17%"
"05/24/2023","5.670","5.600","5.670","5.600","15.10K","0.53%"
"05/23/2023","5.640","5.640","5.640","5.620","71.10K","2.55%"
"05/22/2023","5.500","5.650","5.650","5.500","1.10K","-1.79%"
"05/19/2023","5.600","5.450","5.600","5.450","2.30K","1.82%"
"05/17/2023","5.500","5.680","5.680","5.500","2.50K","-3.17%"
"05/16/2023","5.680","5.680","5.680","5.500","13.70K","0.71%"
"05/15/2023","5.640","5.500","5.680","5.500","29.10K","2.55%"
"05/12/2023","5.500","5.280","5.500","5.280","7.10K","4.17%"
"05/11/2023","5.280","5.680","5.680","5.200","51.70K","-4.69%"
"05/10/2023","5.540","5.450","5.540","5.450","2.50K","6.33%"
"05/08/2023","5.210","5.500","5.500","5.210","13.20K","-5.27%"
"05/05/2023","5.500","5.500","5.500","5.260","21.10K","0.00%"
"05/04/2023","5.500","5.250","5.500","5.250","8.80K","5.97%"
"05/03/2023","5.190","5.400","5.500","5.190","9.80K","-5.64%"
"05/02/2023","5.500","5.120","5.500","5.010","204.40K","5.77%"
"04/28/2023","5.200","5.210","5.210","5.200","48.00K","-0.19%"
"04/27/2023","5.210","5.250","5.300","5.200","82.70K","-0.19%"
"04/26/2023","5.220","5.220","5.290","5.220","12.50K","0.00%"
"04/25/2023","5.220","5.250","5.400","5.130","84.40K","-3.33%"
"04/24/2023","5.400","5.390","5.400","5.260","84.70K","1.12%"
"04/20/2023","5.340","5.500","5.500","5.340","8.50K","0.75%"
"04/19/2023","5.300","5.300","5.300","5.250","22.10K","1.53%"
"04/18/2023","5.220","5.400","5.400","5.220","5.40K","-3.33%"
"04/17/2023","5.400","5.250","5.400","5.200","4.20K","2.86%"
"04/14/2023","5.250","5.400","5.400","5.250","18.30K","-1.87%"
"04/13/2023","5.350","5.400","5.400","5.350","6.40K","-1.83%"
"04/12/2023","5.450","5.400","5.450","5.400","5.30K","0.93%"
"04/11/2023","5.400","5.480","5.480","5.300","22.20K","-1.46%"
"04/05/2023","5.480","5.520","5.520","5.400","22.80K","-0.36%"
"04/04/2023","5.500","5.490","5.500","5.490","1.30K","0.00%"
"04/03/2023","5.500","5.500","5.500","5.450","14.80K","1.66%"
"03/31/2023","5.410","5.410","5.440","5.410","16.50K","0.00%"
"03/29/2023","5.410","5.410","5.410","5.120","8.40K","0.19%"
"03/28/2023","5.400","5.450","5.450","5.400","8.80K","-2.17%"
"03/27/2023","5.520","5.350","5.520","5.350","4.20K","3.18%"
"03/24/2023","5.350","5.200","5.350","5.200","4.50K","2.88%"
"03/23/2023","5.200","5.250","5.250","5.200","18.20K","0.00%"
"03/22/2023","5.200","5.300","5.300","5.200","52.50K","-1.89%"
"03/21/2023","5.300","5.300","5.300","5.300","0.10K","0.00%"
"03/20/2023","5.300","5.300","5.300","5.300","0.50K","1.92%"
"03/17/2023","5.200","5.280","5.520","5.200","51.40K","-1.52%"
"03/16/2023","5.280","5.500","5.500","5.280","34.90K","0.00%"
"03/15/2023","5.280","5.310","5.310","5.280","62.50K","-0.56%"
"03/14/2023","5.310","5.620","5.620","5.300","87.90K","-0.38%"
"03/13/2023","5.330","5.320","5.330","5.310","47.20K","-1.30%"
"03/10/2023","5.400","5.610","5.610","5.260","69.80K","-2.88%"
"03/09/2023","5.560","5.570","5.620","5.560","20.10K","0.00%"
"03/08/2023","5.560","5.700","5.750","5.560","41.70K","-2.97%"
"03/07/2023","5.730","5.730","5.730","5.730","10.60K","0.00%"
"03/06/2023","5.730","5.740","5.750","5.730","24.00K","-0.35%"
"03/03/2023","5.750","5.730","5.750","5.730","7.10K","0.70%"
"03/02/2023","5.710","5.720","5.740","5.710","20.60K","0.53%"
"03/01/2023","5.680","5.710","5.710","5.550","6.90K","-0.70%"
"02/28/2023","5.720","5.720","5.720","5.720","1.10K","0.35%"
"02/27/2023","5.700","5.720","5.720","5.700","39.50K","0.00%"
"02/24/2023","5.700","5.700","5.700","5.700","70.80K","0.00%"
"02/23/2023","5.700","5.700","5.700","5.700","70.80K","0.00%"
"02/22/2023","5.700","5.690","5.830","5.500","90.10K","-2.56%"
"02/21/2023","5.850","5.850","5.850","5.690","7.90K","0.00%"
"02/20/2023","5.850","5.880","5.880","5.850","21.60K","0.00%"
"02/17/2023","5.850","5.870","5.890","5.550","88.40K","-0.68%"
"02/16/2023","5.890","5.900","5.900","5.550","24.40K","6.13%"
"02/15/2023","5.550","5.710","5.900","5.500","183.40K","-3.65%"
"02/14/2023","5.760","5.760","5.760","5.710","5.10K","0.00%"
"02/13/2023","5.760","5.740","5.910","5.740","7.10K","0.52%"
"02/10/2023","5.730","5.740","5.740","5.720","26.20K","0.00%"
"02/09/2023","5.730","5.940","5.940","5.730","3.30K","-2.88%"
"02/08/2023","5.900","5.930","5.940","5.900","4.90K","-0.34%"
"02/07/2023","5.920","5.750","5.920","5.750","31.80K","0.34%"
"02/06/2023","5.900","5.780","5.900","5.780","5.50K","-0.51%"
"02/03/2023","5.930","5.940","5.940","5.900","0.30K","-0.17%"
"02/02/2023","5.940","5.800","5.940","5.800","15.80K","2.41%"
"02/01/2023","5.800","5.990","5.990","5.800","20.00K","0.00%"
"01/31/2023","5.800","5.800","5.800","5.800","7.30K","0.00%"
"01/30/2023","5.800","5.820","5.820","5.800","4.60K","-1.19%"
"01/27/2023","5.870","6.000","6.000","5.810","28.60K","-0.17%"
"01/26/2023","5.880","5.850","5.900","5.850","15.20K","1.03%"
"01/25/2023","5.820","5.930","5.930","5.820","40.40K","-3.00%"
"01/24/2023","6.000","6.080","6.090","6.000","8.70K","-1.15%"
"01/23/2023","6.070","5.800","6.090","5.800","7.00K","4.48%"
"01/20/2023","5.810","5.800","5.810","5.800","3.80K","0.17%"
"01/19/2023","5.800","5.900","5.990","5.800","23.40K","-3.33%"
"01/18/2023","6.000","6.000","6.000","6.000","2.50K","0.00%"
"01/17/2023","6.000","6.100","6.120","6.000","34.60K","0.00%"
"01/16/2023","6.000","5.950","6.000","5.950","10.30K","0.84%"
"01/13/2023","5.950","5.850","5.950","5.850","21.50K","0.00%"
"01/12/2023","5.950","6.100","6.100","5.950","40.20K","-1.16%"
"01/11/2023","6.020","6.050","6.090","6.020","44.30K","-0.50%"
"01/10/2023","6.050","5.900","6.050","5.900","54.90K","2.54%"
"01/09/2023","5.900","5.900","5.900","5.850","63.60K","0.85%"
"01/06/2023","5.850","5.750","5.850","5.750","5.90K","1.74%"
"01/05/2023","5.750","5.800","5.800","5.750","22.90K","0.00%"
"01/04/2023","5.750","5.720","5.750","5.720","0.70K","-2.54%"
"01/03/2023","5.900","5.900","5.900","5.890","4.30K","0.00%"
"12/29/2022","5.900","5.710","5.900","5.710","17.90K","3.51%"
"12/28/2022","5.700","5.700","5.700","5.700","3.70K","-1.72%"
"12/27/2022","5.800","5.800","5.800","5.790","13.50K","0.00%"
"12/23/2022","5.800","5.800","5.800","5.800","3.10K","0.00%"
"12/22/2022","5.800","5.800","5.800","5.750","13.40K","0.00%"
"12/21/2022","5.800","5.800","5.800","5.800","0.80K","0.00%"
"12/20/2022","5.800","5.800","5.800","5.800","1.50K","0.00%"
"12/19/2022","5.800","5.900","5.900","5.700","4.00K","0.00%"
"12/16/2022","5.800","5.800","5.800","5.800","0.10K","-2.19%"
"12/15/2022","5.930","5.750","5.940","5.750","15.10K","3.13%"
"12/14/2022","5.750","5.750","5.750","5.750","0.30K","-0.86%"
"12/13/2022","5.800","5.800","5.800","5.800","14.30K","0.00%"
"12/12/2022","5.800","5.800","5.900","5.700","12.20K","0.00%"
"12/09/2022","5.800","5.800","5.800","5.800","5.40K","-1.69%"
"12/07/2022","5.900","5.750","5.900","5.750","4.60K","1.72%"
"12/06/2022","5.800","5.800","5.800","5.800","0.10K","0.00%"
"12/05/2022","5.800","5.800","5.800","5.800","0.10K","0.00%"
"12/02/2022","5.800","5.950","5.950","5.800","20.20K","-2.52%"
"12/01/2022","5.950","5.900","5.950","5.900","4.30K","2.59%"
"11/29/2022","5.800","5.720","5.800","5.720","0.50K","-1.69%"
"11/28/2022","5.900","5.700","5.900","5.700","7.40K","0.00%"
"11/25/2022","5.900","5.900","5.900","5.800","5.90K","0.17%"
"11/24/2022","5.890","5.950","5.950","5.800","2.70K","3.33%"
"11/23/2022","5.700","5.700","5.800","5.700","2.60K","-3.06%"
"11/22/2022","5.880","5.900","5.900","5.850","4.80K","0.51%"
"11/21/2022","5.850","5.850","5.850","5.850","0.40K","0.00%"
"11/18/2022","5.850","5.850","5.900","5.850","21.60K","-0.85%"
"11/17/2022","5.900","5.920","5.920","5.900","11.40K","1.72%"
"11/16/2022","5.800","5.840","5.840","5.800","28.80K","0.35%"
"11/15/2022","5.780","5.890","5.900","5.780","10.40K","-1.87%"
"11/14/2022","5.890","5.890","5.900","5.890","36.90K","1.55%"
"11/11/2022","5.800","5.650","5.900","5.650","16.10K","2.65%"
"11/10/2022","5.650","5.820","5.900","5.650","8.10K","0.00%"
"11/09/2022","5.650","5.700","5.700","5.650","9.00K","-0.88%"
"11/08/2022","5.700","5.650","5.700","5.650","3.50K","-3.88%"
"11/07/2022","5.930","5.700","5.930","5.700","4.90K","4.04%"
"11/04/2022","5.700","5.700","5.700","5.700","2.00K","0.88%"
"11/03/2022","5.650","5.940","5.940","5.650","5.30K","-4.88%"
"11/02/2022","5.940","5.650","5.940","5.650","24.90K","5.13%"
"10/28/2022","5.650","5.650","5.650","5.650","1.10K","0.89%"
"10/27/2022","5.600","5.500","5.650","5.500","3.80K","1.82%"
"10/26/2022","5.500","5.500","5.500","5.500","0.10K","0.00%"
"10/25/2022","5.500","5.550","5.550","5.400","7.20K","0.00%"
"10/24/2022","5.500","5.450","5.600","5.450","9.50K","0.00%"
"10/21/2022","5.500","5.500","5.500","5.500","1.00K","0.00%"
"10/20/2022","5.500","5.400","5.500","5.400","2.10K","0.00%"
"10/19/2022","5.500","5.500","5.500","5.500","1.30K","0.00%"
"10/18/2022","5.500","5.500","5.500","5.500","14.90K","0.00%"
"10/17/2022","5.500","5.450","5.500","5.450","5.90K","0.92%"
"10/14/2022","5.450","5.450","5.450","5.450","4.20K","0.00%"
"10/13/2022","5.450","5.700","5.700","5.450","9.90K","0.18%"
"10/12/2022","5.440","5.450","5.450","5.400","11.30K","-1.09%"
"10/11/2022","5.500","5.450","5.700","5.450","2.10K","0.92%"
"10/07/2022","5.450","5.450","5.450","5.450","1.70K","0.00%"
"10/06/2022","5.450","5.450","5.790","5.450","2.80K","-5.87%"
"10/05/2022","5.790","5.800","5.800","5.790","0.60K","-0.17%"
"10/04/2022","5.800","5.420","5.800","5.360","3.40K","7.21%"
"10/03/2022","5.410","5.410","5.800","5.350","12.30K","0.00%"
"09/30/2022","5.410","5.410","5.410","5.410","5.00K","0.00%"
"09/29/2022","5.410","5.410","5.520","5.410","2.00K","0.19%"
"09/28/2022","5.400","5.500","5.500","5.400","58.20K","-1.82%"
"09/27/2022","5.500","5.600","5.920","5.500","29.70K","-1.79%"
"09/26/2022","5.600","5.600","5.920","5.600","15.80K","0.00%"
"09/23/2022","5.600","5.600","5.920","5.600","15.80K","0.00%"
"09/22/2022","5.600","5.940","5.940","5.600","16.90K","-5.88%"
"09/21/2022","5.950","5.790","5.950","5.600","9.50K","2.59%"
"09/20/2022","5.800","5.700","5.950","5.700","1.30K","1.75%"
"09/19/2022","5.700","5.700","5.700","5.690","4.60K","-1.72%"
"09/16/2022","5.800","5.800","5.800","5.800","0.20K","0.87%"
"09/15/2022","5.750","5.750","5.750","5.750","0.50K","0.00%"
"09/14/2022","5.750","5.750","5.750","5.740","3.00K","-3.36%"
"09/13/2022","5.950","5.950","5.950","5.800","7.90K","0.85%"
"09/12/2022","5.900","5.900","5.950","5.900","5.40K","-0.84%"
"09/09/2022","5.950","6.000","6.000","5.950","1.50K","-0.34%"
"09/08/2022","5.970","5.980","5.980","5.970","3.60K","3.83%"
"09/07/2022","5.750","5.750","5.750","5.750","0.30K","0.00%"
"09/06/2022","5.750","5.760","5.800","5.750","5.50K","0.00%"
"09/05/2022","5.750","5.800","5.800","5.720","3.30K","-0.86%"
"09/02/2022","5.800","5.990","5.990","5.740","3.60K","1.05%"
"09/01/2022","5.740","5.750","5.750","5.740","11.00K","0.00%"
"08/31/2022","5.740","5.800","5.800","5.740","6.00K","-4.33%"
"08/30/2022","6.000","6.030","6.030","5.730","14.30K","-0.66%"
"08/26/2022","6.040","6.050","6.050","6.040","2.30K","-0.49%"
"08/25/2022","6.070","6.080","6.080","6.070","1.10K","1.17%"
"08/24/2022","6.000","6.000","6.000","5.700","3.20K","6.01%"
"08/23/2022","5.660","5.710","6.060","5.600","109.00K","-4.07%"
"08/22/2022","5.900","5.900","6.070","5.600","14.50K","-3.28%"
"08/19/2022","6.100","5.630","6.100","5.630","4.80K","0.83%"
"08/18/2022","6.050","5.990","6.050","5.900","28.60K","2.02%"
"08/17/2022","5.930","5.950","5.950","5.510","24.30K","-1.17%"
"08/16/2022","6.000","5.880","6.000","5.760","65.70K","2.04%"
"08/15/2022","5.880","5.880","5.880","5.880","0.60K","-2.00%"
"08/12/2022","6.000","6.000","6.000","5.900","24.10K","0.00%"
"08/11/2022","6.000","5.900","6.000","5.870","31.90K","1.69%"
"08/10/2022","5.900","5.950","5.950","5.900","29.40K","0.00%"
"08/09/2022","5.900","5.900","5.900","5.810","10.90K","0.00%"
"08/08/2022","5.900","5.800","5.900","5.600","23.10K","1.72%"
"08/05/2022","5.800","5.880","5.910","5.800","79.80K","-0.68%"
"08/04/2022","5.840","5.500","5.840","5.500","43.00K","5.42%"
"08/03/2022","5.540","5.540","5.540","5.540","1.60K","0.18%"
"08/02/2022","5.530","5.510","5.540","5.510","9.90K","0.55%"
"08/01/2022","5.500","5.570","5.570","5.500","4.00K","-1.26%"
"07/29/2022","5.570","5.550","5.800","5.550","5.80K","0.00%"
"07/28/2022","5.570","5.550","5.570","5.550","1.00K","1.09%"
"07/27/2022","5.510","5.510","5.510","5.510","5.50K","0.00%"
"07/26/2022","5.510","5.560","5.560","5.510","0.60K","-5.81%"
"07/25/2022","5.850","5.720","5.850","5.720","2.50K","2.63%"
"07/22/2022","5.700","5.410","5.840","5.410","6.10K","1.79%"
"07/21/2022","5.600","5.600","5.600","5.600","7.00K","0.00%"
"07/20/2022","5.600","5.840","5.840","5.600","2.30K","1.82%"
"07/19/2022","5.500","5.610","5.840","5.500","2.00K","0.00%"
"07/18/2022","5.500","5.650","5.650","5.500","5.80K","-2.65%"
"07/15/2022","5.650","5.600","5.830","5.600","25.30K","0.89%"
"07/14/2022","5.600","5.800","5.800","5.500","11.10K","-3.61%"
"07/13/2022","5.810","5.550","5.810","5.550","15.30K","4.68%"
"07/12/2022","5.550","5.570","5.850","5.550","12.30K","2.78%"
"07/11/2022","5.400","5.400","5.400","5.400","0.90K","-1.10%"
"07/08/2022","5.460","5.600","5.600","5.010","143.40K","-3.19%"
"07/07/2022","5.640","5.650","5.650","5.600","6.30K","-0.35%"
"07/06/2022","5.660","5.650","5.700","5.650","12.10K","1.07%"
"07/05/2022","5.600","5.700","5.700","5.600","14.20K","-1.75%"
"07/04/2022","5.700","5.600","5.880","5.600","141.40K","3.64%"
"07/01/2022","5.500","5.500","5.500","5.500","0.60K","0.00%"
"06/30/2022","5.500","5.450","5.500","5.400","67.80K","0.92%"
"06/29/2022","5.450","5.450","5.450","5.420","2.90K","0.93%"
"06/28/2022","5.400","5.510","5.510","5.000","175.20K","-8.01%"
"06/27/2022","5.870","5.500","5.880","5.500","1.90K","8.70%"
"06/24/2022","5.400","5.550","5.550","5.400","97.30K","-2.70%"
"06/23/2022","5.550","5.870","5.870","5.550","1.80K","-5.45%"
"06/22/2022","5.870","5.870","5.880","5.870","5.90K","0.17%"
"06/21/2022","5.860","5.880","5.880","5.550","10.90K","-0.34%"
"06/20/2022","5.880","5.700","5.880","5.530","75.80K","5.00%"
"06/17/2022","5.600","5.880","5.880","5.600","11.20K","1.63%"
"06/16/2022","5.510","5.880","5.900","5.500","141.30K","-6.61%"
"06/15/2022","5.900","5.980","5.980","5.900","68.30K","-1.67%"
"06/14/2022","6.000","5.990","6.070","5.990","51.50K","-0.83%"
"06/13/2022","6.050","6.000","6.050","6.000","6.10K","0.00%"
"06/10/2022","6.050","6.050","6.050","6.050","3.60K","0.00%"
"06/09/2022","6.050","6.100","6.100","6.000","33.20K","-0.82%"
"06/08/2022","6.100","6.100","6.100","5.930","105.10K","0.00%"
"06/07/2022","6.100","6.100","6.180","6.100","18.80K","-0.97%"
"06/06/2022","6.160","6.190","6.190","6.160","9.50K","-0.48%"
"06/03/2022","6.190","6.190","6.190","6.190","2.00K","1.48%"
"06/02/2022","6.100","6.100","6.100","6.100","16.40K","0.00%"
"06/01/2022","6.100","6.190","6.190","6.100","1.80K","-1.45%"
"05/31/2022","6.190","6.190","6.190","6.000","5.80K","0.00%"
"05/30/2022","6.190","6.080","6.190","6.050","4.90K","0.00%"
"05/27/2022","6.190","6.200","6.200","6.190","10.50K","1.48%"
"05/26/2022","6.100","6.200","6.200","6.100","13.30K","-1.61%"
"05/25/2022","6.200","6.050","6.200","6.050","8.40K","1.64%"
"05/24/2022","6.100","6.100","6.200","6.100","50.60K","-1.61%"
"05/23/2022","6.200","6.200","6.200","6.050","34.40K","1.64%"
"05/20/2022","6.100","5.930","6.200","5.930","8.70K","2.87%"
"05/19/2022","5.930","6.100","6.100","5.910","4.70K","-2.79%"
"05/18/2022","6.100","5.930","6.100","5.930","17.30K","1.67%"
"05/17/2022","6.000","6.100","6.200","6.000","23.10K","-1.64%"
"05/16/2022","6.100","6.100","6.100","5.900","44.70K","0.00%"
"05/13/2022","6.100","5.990","6.100","5.990","4.20K","1.84%"
"05/12/2022","5.990","6.100","6.100","5.910","11.80K","-1.80%"
"05/11/2022","6.100","6.200","6.400","6.080","50.70K","-1.61%"
"05/10/2022","6.200","6.200","6.200","5.800","11.30K","0.00%"
"05/06/2022","6.200","6.000","6.200","6.000","37.10K","0.00%"
"05/05/2022","6.200","5.990","6.200","5.990","3.10K","3.51%"
"05/04/2022","5.990","6.150","6.150","5.990","95.70K","-1.48%"
"05/02/2022","6.080","6.080","6.200","6.080","13.10K","0.00%"
"04/29/2022","6.080","6.200","6.200","6.080","19.10K","-1.94%"
"04/28/2022","6.200","6.200","6.200","6.200","4.50K","1.64%"
"04/27/2022","6.100","6.230","6.230","6.100","22.60K","-1.61%"
"04/26/2022","6.200","6.290","6.300","6.200","49.90K","2.14%"
"04/25/2022","6.070","6.120","6.120","6.060","47.40K","-0.82%"
"04/22/2022","6.120","6.300","6.400","6.110","33.30K","0.16%"
"04/21/2022","6.110","6.300","6.300","6.070","52.70K","-2.71%"
"04/20/2022","6.280","6.250","6.300","6.250","53.10K","0.48%"
"04/19/2022","6.250","6.280","6.280","6.250","42.40K","0.00%"
"04/18/2022","6.250","6.340","6.340","6.250","39.20K","0.00%"
"04/13/2022","6.250","6.300","6.300","6.020","34.60K","0.00%"
"04/12/2022","6.250","6.140","6.250","6.140","61.30K","-2.34%"
"04/11/2022","6.400","6.150","6.400","6.150","31.10K","3.23%"
"04/08/2022","6.200","6.200","6.300","6.200","61.20K","0.49%"
"04/07/2022","6.170","6.400","6.400","6.160","63.30K","-2.06%"
"04/06/2022","6.300","6.300","6.400","6.160","22.80K","-0.79%"
"04/05/2022","6.350","6.350","6.400","6.330","37.90K","0.00%"
"04/04/2022","6.350","6.600","6.600","6.000","95.00K","-3.79%"
"04/01/2022","6.600","6.630","6.640","6.550","34.90K","-0.45%"
"03/31/2022","6.630","6.600","6.680","6.600","41.30K","-0.15%"
"03/30/2022","6.640","6.300","6.690","6.220","92.30K","5.40%"
"03/29/2022","6.300","6.520","6.610","6.260","126.50K","-4.69%"
"03/28/2022","6.610","6.050","6.960","6.050","147.30K","9.26%"
"06/16/2021","6.050","6.100","6.100","6.000","111.00K","-0.82%"
"06/15/2021","6.100","6.170","6.190","6.100","96.10K","-0.97%"
"06/14/2021","6.160","6.150","6.180","6.150","64.60K","0.16%"
"06/11/2021","6.150","6.100","6.180","6.080","174.80K","0.82%"
"06/10/2021","6.100","6.130","6.150","6.100","33.00K","-0.49%"
"06/09/2021","6.130","6.150","6.180","6.130","43.90K","-0.81%"
"06/08/2021","6.180","6.160","6.180","6.150","154.30K","0.32%"
"06/07/2021","6.160","6.060","6.170","6.060","181.50K","1.65%"
"06/04/2021","6.060","6.000","6.070","6.000","181.70K","0.17%"
"06/03/2021","6.050","6.000","6.100","6.000","65.90K","0.83%"
"06/02/2021","6.000","5.900","6.000","5.900","68.90K","2.39%"
"06/01/2021","5.860","5.950","5.970","5.770","38.80K","-0.68%"
"05/31/2021","5.900","5.900","5.950","5.900","49.00K","0.85%"
"05/28/2021","5.850","5.700","5.890","5.700","71.00K","1.92%"
"05/27/2021","5.740","5.500","5.790","5.500","47.10K","4.36%"
"05/26/2021","5.500","5.550","5.550","5.490","32.50K","-0.90%"
"05/25/2021","5.550","5.600","5.600","5.450","13.60K","0.00%"
"05/24/2021","5.550","5.500","5.550","5.450","13.20K","0.54%"
"05/21/2021","5.520","5.540","5.550","5.500","35.80K","-0.54%"
"05/20/2021","5.550","5.540","5.750","5.540","37.00K","0.00%"
"05/19/2021","5.550","5.790","5.790","5.530","27.50K","-0.89%"
"05/18/2021","5.600","5.710","5.710","5.500","24.80K","-1.75%"
"05/17/2021","5.700","5.800","5.800","5.600","21.60K","3.64%"
"05/14/2021","5.500","5.750","5.750","5.300","84.30K","-6.14%"
"05/12/2021","5.860","5.900","5.900","5.810","19.40K","0.86%"
"05/11/2021","5.810","5.850","5.900","5.810","25.00K","-0.68%"
"05/10/2021","5.850","5.850","5.860","5.800","53.00K","-1.18%"
"05/07/2021","5.920","5.900","5.950","5.850","47.20K","0.34%"
"05/06/2021","5.900","6.000","6.000","5.800","135.90K","-1.99%"
"05/05/2021","6.020","6.000","6.100","6.000","14.80K","-1.95%"
"05/04/2021","6.140","6.100","6.150","6.100","77.20K","0.49%"
"05/03/2021","6.110","6.140","6.150","6.100","31.90K","-0.33%"
"04/30/2021","6.130","6.100","6.130","6.100","13.10K","0.49%"
"04/29/2021","6.100","6.100","6.100","6.100","6.80K","0.00%"
"04/28/2021","6.100","6.140","6.140","6.000","31.00K","-0.65%"
"04/27/2021","6.140","6.020","6.150","6.020","10.70K","1.99%"
"04/26/2021","6.020","6.010","6.050","6.010","6.40K","-0.17%"
"04/23/2021","6.030","6.030","6.100","6.030","5.40K","0.00%"
"04/22/2021","6.030","6.100","6.150","6.030","18.40K","-1.95%"
"04/21/2021","6.150","6.060","6.150","6.060","30.40K","0.49%"
"04/20/2021","6.120","6.100","6.150","6.060","7.00K","0.33%"
"04/19/2021","6.100","6.010","6.100","6.000","11.80K","-0.81%"
"04/16/2021","6.150","6.150","6.150","6.060","7.60K","0.00%"
"04/15/2021","6.150","6.150","6.150","6.050","28.60K","0.65%"
"04/14/2021","6.110","6.150","6.150","6.110","10.60K","0.16%"
"04/13/2021","6.100","6.150","6.150","6.100","32.30K","0.00%"
"04/12/2021","6.100","6.230","6.230","6.100","10.00K","1.33%"
"04/08/2021","6.020","6.100","6.240","6.020","21.20K","-0.99%"
"04/07/2021","6.080","6.000","6.200","6.000","19.80K","0.00%"
"04/06/2021","6.080","6.100","6.240","6.080","19.80K","-0.33%"
"04/05/2021","6.100","6.200","6.200","6.100","10.60K","-1.61%"
"03/31/2021","6.200","6.150","6.200","6.010","6.80K","3.33%"
"03/30/2021","6.000","5.900","6.200","5.900","22.10K","-0.33%"
"03/29/2021","6.020","6.000","6.350","6.000","24.60K","-0.82%"
"03/26/2021","6.070","5.950","6.350","5.950","19.00K","2.02%"
"03/25/2021","5.950","6.000","6.110","5.950","23.40K","0.85%"
"03/24/2021","5.900","5.950","6.000","5.900","44.80K","0.00%"
"03/23/2021","5.900","6.000","6.000","5.900","3.40K","-1.67%"
"03/22/2021","6.000","6.000","6.000","5.850","31.40K","-0.17%"
"03/19/2021","6.010","6.170","6.250","6.000","11.50K","-2.28%"
"03/18/2021","6.150","6.130","6.150","6.000","9.30K","0.82%"
"03/17/2021","6.100","6.150","6.150","5.850","49.40K","-0.49%"
"03/16/2021","6.130","6.200","6.200","6.000","18.20K","-0.65%"
"03/15/2021","6.170","6.150","6.350","6.090","35.70K","-2.53%"
"03/12/2021","6.330","6.150","6.490","6.150","35.30K","3.77%"
"03/11/2021","6.100","6.500","6.500","6.020","126.60K","1.50%"
"03/10/2021","6.010","6.250","6.250","6.000","36.50K","-3.69%"
"03/09/2021","6.240","6.010","6.550","6.010","33.80K","4.00%"
"03/08/2021","6.000","6.600","6.600","6.000","119.60K","-9.09%"
"03/05/2021","6.600","6.500","6.700","6.450","52.70K","2.48%"
"03/04/2021","6.440","6.360","6.440","6.360","53.30K","1.58%"
"03/03/2021","6.340","6.400","6.420","6.300","88.80K","-2.46%"
"03/02/2021","6.500","6.750","6.800","6.500","126.00K","-3.56%"
"03/01/2021","6.740","6.280","6.790","6.200","273.80K","11.40%"
"02/26/2021","6.050","6.200","6.200","6.000","98.70K","-2.42%"
"02/24/2021","6.200","6.280","6.300","6.100","66.50K","-1.12%"
"02/23/2021","6.270","6.300","6.460","6.220","53.40K","-1.26%"
"02/22/2021","6.350","6.300","6.400","6.290","23.60K","0.79%"
"02/19/2021","6.300","6.420","6.460","6.300","81.20K","-1.72%"
"02/18/2021","6.410","6.430","6.440","6.400","29.10K","-0.47%"
"02/17/2021","6.440","6.580","6.580","6.300","76.70K","-0.77%"
"02/16/2021","6.490","6.400","6.700","6.340","44.00K","1.41%"
"02/15/2021","6.400","6.400","6.460","6.350","41.00K","-0.93%"
"02/11/2021","6.460","6.700","6.700","6.450","49.30K","-0.46%"
"02/10/2021","6.490","6.600","6.660","6.490","37.50K","0.00%"
"02/09/2021","6.490","6.650","6.700","6.490","48.10K","-2.41%"
"02/08/2021","6.650","6.500","6.750","6.470","39.70K","2.78%"
"02/05/2021","6.470","6.660","6.660","6.470","11.70K","1.09%"
"02/04/2021","6.400","6.570","6.650","6.370","31.10K","-2.59%"
"02/03/2021","6.570","6.700","6.700","6.570","24.70K","1.08%"
"02/02/2021","6.500","6.350","6.500","6.350","15.40K","0.31%"
"02/01/2021","6.480","6.300","6.480","6.250","13.00K","1.25%"
"01/29/2021","6.400","6.600","6.600","6.350","28.00K","-3.03%"
"01/28/2021","6.600","6.380","6.600","6.300","20.80K","0.00%"
"01/27/2021","6.600","6.600","6.600","6.440","17.30K","1.54%"
"01/26/2021","6.500","6.540","6.550","6.500","54.20K","-0.46%"
"01/25/2021","6.530","6.500","6.600","6.500","20.80K","-0.91%"
"01/22/2021","6.590","6.600","6.800","6.550","10.00K","-0.15%"
"01/21/2021","6.600","6.680","6.680","6.500","97.70K","0.15%"
"01/20/2021","6.590","6.850","6.850","6.560","32.60K","-2.37%"
"01/19/2021","6.750","6.750","6.750","6.700","41.00K","0.00%"
"01/18/2021","6.750","6.840","7.000","6.750","44.70K","-0.44%"
"01/15/2021","6.780","6.700","6.840","6.700","57.30K","1.19%"
"01/14/2021","6.700","6.850","6.850","6.690","65.70K","-1.76%"
"01/13/2021","6.820","6.960","6.960","6.790","41.90K","-2.01%"
"01/12/2021","6.960","7.000","7.050","6.900","30.60K","-0.57%"
"01/11/2021","7.000","7.010","7.140","6.950","45.60K","0.00%"
"01/08/2021","7.000","6.640","7.200","6.640","96.40K","5.42%"
"01/07/2021","6.640","6.550","6.900","6.500","40.10K","2.15%"
"01/06/2021","6.500","6.560","6.560","6.450","79.60K","-0.91%"
"01/05/2021","6.560","6.700","6.700","6.500","55.70K","-2.09%"
"01/04/2021","6.700","6.560","6.700","6.560","110.30K","2.29%"
"12/29/2020","6.550","6.700","6.700","6.520","95.50K","-2.24%"
"12/28/2020","6.700","6.920","6.920","6.700","100.30K","-3.18%"
"12/23/2020","6.920","6.900","7.100","6.800","69.10K","0.29%"
"12/22/2020","6.900","7.180","7.200","6.900","121.30K","-4.17%"
"12/21/2020","7.200","7.340","7.350","7.170","98.40K","-1.91%"
"12/18/2020","7.340","7.150","7.350","7.140","223.20K","2.80%"
"12/17/2020","7.140","7.200","7.200","7.100","34.30K","0.00%"
"12/16/2020","7.140","7.200","7.200","7.130","38.80K","-0.42%"
"12/15/2020","7.170","7.210","7.220","7.020","106.80K","-0.42%"
"12/14/2020","7.200","7.200","7.210","7.200","55.10K","1.41%"
"12/11/2020","7.100","7.100","7.100","7.080","53.10K","0.14%"
"12/10/2020","7.090","7.100","7.150","7.060","175.80K","-0.14%"
"12/09/2020","7.100","7.100","7.160","7.090","156.20K","-1.39%"
"12/07/2020","7.200","7.300","7.300","7.160","99.60K","-1.37%"
"12/04/2020","7.300","7.300","7.400","7.300","82.00K","0.14%"
"12/03/2020","7.290","7.300","7.300","7.260","103.80K","-0.14%"
"12/02/2020","7.300","7.120","7.300","7.120","50.90K","2.67%"
"12/01/2020","7.110","7.250","7.250","6.980","310.50K","-2.47%"
"11/27/2020","7.290","7.250","7.570","7.000","104.10K","2.53%"
"11/26/2020","7.110","7.340","7.340","7.000","212.60K","-3.27%"
"11/25/2020","7.350","7.690","7.710","7.350","91.70K","-4.30%"
"11/24/2020","7.680","7.680","7.760","7.650","270.30K","0.39%"
"11/23/2020","7.650","7.500","7.650","7.440","240.20K","2.82%"
"11/20/2020","7.440","7.400","7.490","7.400","185.10K","0.81%"
"11/19/2020","7.380","7.380","7.420","7.350","186.60K","1.10%"
"11/18/2020","7.300","7.200","7.300","7.200","139.10K","1.39%"
"11/17/2020","7.200","7.110","7.250","7.110","56.90K","1.98%"
"11/16/2020","7.060","7.100","7.100","7.020","72.50K","-1.26%"
"11/13/2020","7.150","7.120","7.150","7.100","105.50K","0.00%"
"11/11/2020","7.150","7.300","7.480","7.060","290.70K","-1.92%"
"11/10/2020","7.290","7.630","7.680","7.160","557.90K","5.19%"
"11/09/2020","6.930","7.000","7.000","6.930","37.60K","0.00%"
"11/06/2020","6.930","6.950","6.950","6.850","42.40K","1.17%"
"11/05/2020","6.850","6.950","6.950","6.850","57.20K","-1.44%"
"11/04/2020","6.950","6.900","6.950","6.800","58.70K","0.00%"
"11/03/2020","6.950","7.000","7.000","6.850","40.70K","-0.71%"
"10/30/2020","7.000","6.960","7.000","6.950","36.20K","0.57%"
"10/29/2020","6.960","7.270","7.270","6.950","112.00K","-0.57%"
"10/28/2020","7.000","6.940","7.210","6.940","105.70K","0.86%"
"10/27/2020","6.940","7.050","7.050","6.910","66.60K","-1.00%"
"10/26/2020","7.010","7.010","7.050","7.010","195.00K","0.14%"
"10/23/2020","7.000","7.020","7.080","6.970","152.70K","-0.28%"
"10/22/2020","7.020","7.080","7.080","7.000","273.90K","-1.13%"
"10/21/2020","7.100","7.630","7.630","6.550","674.30K","-6.46%"
"10/20/2020","7.590","6.480","8.500","6.480","2.06M","20.48%"
"10/19/2020","6.300","5.980","6.460","5.920","243.80K","7.69%"
"10/16/2020","5.850","5.850","5.850","5.800","24.30K","0.86%"
"10/15/2020","5.800","5.760","5.800","5.750","19.70K","0.87%"
"10/14/2020","5.750","5.850","5.850","5.750","11.80K","-1.71%"
"10/13/2020","5.850","5.850","5.860","5.850","31.10K","0.00%"
"10/12/2020","5.850","5.850","5.890","5.750","30.50K","0.86%"
"10/09/2020","5.800","5.800","5.850","5.700","22.30K","1.75%"
"10/08/2020","5.700","5.750","5.800","5.000","69.40K","-3.39%"
"10/07/2020","5.900","5.700","5.900","5.300","87.20K","3.51%"
"10/06/2020","5.700","5.850","5.900","5.650","25.50K","-1.72%"
"10/05/2020","5.800","5.700","5.880","5.650","30.50K","2.65%"
"10/02/2020","5.650","5.700","5.700","5.650","102.80K","-1.22%"
"10/01/2020","5.720","5.860","5.860","5.700","51.00K","-2.22%"
"09/30/2020","5.850","5.890","5.890","5.850","28.90K","-0.68%"
"09/29/2020","5.890","5.900","5.900","5.800","51.10K","0.68%"
"09/28/2020","5.850","5.730","5.850","5.730","26.50K","2.27%"
"09/25/2020","5.720","5.760","5.780","5.720","29.10K","-0.69%"
"09/24/2020","5.760","5.750","5.800","5.710","4.80K","0.17%"
"09/23/2020","5.750","5.700","5.750","5.700","42.00K","0.88%"
"09/22/2020","5.700","5.730","5.730","5.700","46.80K","-0.87%"
"09/21/2020","5.750","5.830","5.830","5.720","47.30K","-1.37%"
"09/18/2020","5.830","5.840","5.840","5.800","21.90K","-0.17%"
"09/17/2020","5.840","5.890","5.890","5.800","19.30K","0.00%"
"09/16/2020","5.840","5.800","5.890","5.800","7.40K","0.69%"
"09/15/2020","5.800","5.900","5.900","5.800","7.10K","-1.02%"
"09/14/2020","5.860","5.800","5.870","5.800","34.00K","1.03%"
"09/11/2020","5.800","5.800","5.800","5.720","32.10K","0.52%"
"09/10/2020","5.770","5.840","5.840","5.770","24.40K","-1.20%"
"09/09/2020","5.840","5.800","5.840","5.800","1.50K","2.10%"
"09/08/2020","5.720","5.950","5.950","5.700","44.30K","0.00%"
"09/07/2020","5.720","5.930","5.930","5.720","14.20K","-3.54%"
"09/04/2020","5.930","5.710","5.950","5.710","6.20K","4.04%"
"09/03/2020","5.700","5.700","6.000","5.700","22.00K","-0.70%"
"09/02/2020","5.740","5.780","5.780","5.700","20.10K","-0.35%"
"09/01/2020","5.760","5.800","5.800","5.700","96.20K","-0.69%"
"08/28/2020","5.800","5.900","5.900","5.760","71.50K","-1.69%"
"08/27/2020","5.900","5.900","5.900","5.850","13.00K","0.85%"
"08/26/2020","5.850","6.000","6.000","5.850","27.40K","-0.85%"
"08/25/2020","5.900","5.880","5.940","5.800","26.50K","-0.84%"
"08/24/2020","5.950","5.950","5.950","5.940","24.20K","-0.83%"
"08/20/2020","6.000","6.100","6.100","5.990","10.20K","-0.83%"
"08/19/2020","6.050","6.200","6.210","6.050","37.40K","0.00%"
"08/18/2020","6.050","6.130","6.130","6.000","42.90K","1.68%"
"08/17/2020","5.950","6.000","6.000","5.910","53.40K","0.68%"
"08/14/2020","5.910","5.850","6.100","5.850","98.70K","0.51%"
"08/13/2020","5.880","5.860","5.880","5.800","111.40K","0.51%"
"08/12/2020","5.850","5.900","5.900","5.850","111.50K","-0.51%"
"08/11/2020","5.880","5.880","5.880","5.870","210.30K","0.00%"
"08/10/2020","5.880","5.920","5.920","5.880","66.50K","-0.68%"
"08/07/2020","5.920","5.900","5.920","5.900","37.40K","0.34%"
"08/06/2020","5.900","5.920","5.920","5.890","165.70K","-0.34%"
"08/05/2020","5.920","5.900","5.950","5.900","12.10K","0.34%"
"08/04/2020","5.900","5.950","5.950","5.890","104.20K","-1.67%"
"08/03/2020","6.000","6.000","6.000","5.900","97.70K","-5.66%"
"07/30/2020","6.360","6.250","6.400","6.000","8.70K","3.92%"
"07/29/2020","6.120","6.120","6.120","6.120","33.40K","0.33%"
"07/28/2020","6.100","6.100","6.100","6.100","2.20K","0.00%"
"07/27/2020","6.100","6.200","6.500","5.800","61.80K","-1.61%"
"07/24/2020","6.200","6.300","6.680","6.120","32.50K","1.47%"
"07/23/2020","6.110","6.300","6.300","6.100","12.70K","-3.02%"
"07/22/2020","6.300","6.100","6.300","6.100","6.20K","-1.56%"
"07/21/2020","6.400","6.150","6.430","6.100","26.80K","1.59%"
"07/20/2020","6.300","6.480","6.500","6.150","24.90K","0.80%"
"07/17/2020","6.250","6.100","6.500","6.100","28.70K","0.81%"
"07/16/2020","6.200","6.150","6.580","6.150","47.30K","0.81%"
"07/15/2020","6.150","6.120","6.190","6.100","19.50K","0.49%"
"07/14/2020","6.120","6.300","6.300","6.110","85.00K","-4.38%"
"07/13/2020","6.400","6.130","6.500","6.130","32.40K","-1.23%"
"07/10/2020","6.480","6.500","6.600","6.100","15.30K","-1.82%"
"07/09/2020","6.600","6.520","6.650","6.500","10.30K","0.00%"
"07/08/2020","6.600","6.700","6.700","6.550","68.50K","0.00%"
"07/07/2020","6.600","6.700","6.700","6.600","181.20K","-1.20%"
"07/06/2020","6.680","6.740","6.750","6.680","74.80K","-0.30%"
"07/03/2020","6.700","6.800","6.800","6.500","40.40K","3.08%"
"07/02/2020","6.500","6.800","6.800","6.500","159.40K","-0.76%"
"07/01/2020","6.550","6.800","6.800","6.400","20.20K","-3.68%"
"06/30/2020","6.800","6.600","6.900","6.500","5.70K","3.66%"
"06/29/2020","6.560","6.550","7.050","6.550","64.20K","0.15%"
"06/26/2020","6.550","6.600","6.800","6.500","55.50K","-2.24%"
"06/25/2020","6.700","6.600","6.800","6.600","15.00K","-2.90%"
"06/24/2020","6.900","6.600","7.000","6.600","54.80K","4.55%"
"06/23/2020","6.600","6.750","6.750","6.550","26.70K","-1.49%"
"06/22/2020","6.700","6.750","6.750","6.600","17.40K","-0.74%"
"06/19/2020","6.750","6.890","6.890","6.750","12.60K","-1.89%"
"06/18/2020","6.880","6.800","6.900","6.750","27.10K","1.18%"
"06/17/2020","6.800","6.950","7.000","6.600","51.40K","-1.45%"
"06/16/2020","6.900","6.890","7.000","6.500","159.50K","-1.43%"
"06/15/2020","7.000","7.150","7.150","6.900","10.70K","-2.10%"
"06/11/2020","7.150","7.140","7.150","7.000","87.10K","0.56%"
"06/10/2020","7.110","7.160","7.160","7.000","31.80K","-0.84%"
"06/09/2020","7.170","7.230","7.230","7.150","34.10K","-0.83%"
"06/08/2020","7.230","7.250","7.250","7.050","93.30K","-0.41%"
"06/05/2020","7.260","7.350","7.400","7.100","139.70K","2.54%"
"06/04/2020","7.080","7.350","7.350","7.000","63.80K","-3.01%"
"06/03/2020","7.300","7.110","7.300","7.110","124.80K","4.29%"
"06/02/2020","7.000","7.120","7.250","7.000","108.80K","-1.55%"
"06/01/2020","7.110","6.920","7.150","6.920","246.10K","5.96%"
"05/29/2020","6.710","6.000","7.050","6.000","205.10K","10.91%"
"05/28/2020","6.050","6.200","6.480","6.000","43.80K","0.83%"
"05/27/2020","6.000","6.000","6.180","6.000","37.70K","-2.44%"
"05/26/2020","6.150","6.280","6.280","6.000","17.80K","-2.07%"
"05/22/2020","6.280","6.600","6.600","5.990","106.10K","-4.99%"
"05/21/2020","6.610","6.700","6.750","6.600","37.00K","-4.89%"
"05/20/2020","6.950","6.700","6.970","6.700","8.30K","0.14%"
"05/19/2020","6.940","6.980","7.000","6.930","8.90K","-0.57%"
"05/18/2020","6.980","7.000","7.000","6.900","9.10K","0.43%"
"05/15/2020","6.950","6.980","7.000","6.900","18.00K","-0.14%"
"05/14/2020","6.960","6.930","7.000","6.930","4.40K","0.58%"
"05/13/2020","6.920","6.950","7.000","6.910","9.80K","-1.28%"
"05/12/2020","7.010","7.040","7.050","6.900","16.50K","-0.85%"
"05/11/2020","7.070","7.100","7.100","6.880","65.50K","1.73%"
"05/08/2020","6.950","7.200","7.200","6.950","8.80K","-0.71%"
"05/07/2020","7.000","7.050","7.100","6.880","46.40K","-0.71%"
"05/06/2020","7.050","7.240","7.240","7.000","28.90K","0.00%"
"05/05/2020","7.050","7.000","7.200","7.000","13.80K","-1.95%"
"05/04/2020","7.190","7.190","7.200","6.700","17.20K","-0.83%"
"04/30/2020","7.250","7.300","7.300","7.250","6.10K","0.00%"
"04/29/2020","7.250","7.200","7.300","7.000","9.00K","2.11%"
"04/28/2020","7.100","7.300","7.300","7.000","14.60K","-2.74%"
"04/27/2020","7.300","7.300","7.300","6.770","52.30K","0.00%"
"04/24/2020","7.300","7.290","7.350","7.000","16.90K","0.27%"
"04/23/2020","7.280","7.100","7.320","7.000","90.00K","6.28%"
"04/22/2020","6.850","7.200","7.200","6.800","7.70K","-2.14%"
"04/21/2020","7.000","7.200","7.200","6.760","6.40K","-2.78%"
"04/20/2020","7.200","7.190","7.200","6.800","21.90K","0.14%"
"04/17/2020","7.190","7.100","7.200","7.000","4.10K","1.27%"
"04/16/2020","7.100","7.190","7.190","7.000","13.20K","0.00%"
"04/15/2020","7.100","7.100","7.200","7.100","13.40K","1.43%"
"04/14/2020","7.000","7.000","7.100","6.900","24.30K","0.00%"
"04/13/2020","7.000","6.700","7.000","6.600","79.20K","4.48%"
"04/08/2020","6.700","6.750","6.750","6.700","9.20K","-0.74%"
"04/07/2020","6.750","6.500","6.750","6.500","48.00K","0.00%"
"04/06/2020","6.750","6.490","6.800","6.380","54.60K","4.01%"
"04/03/2020","6.490","6.600","6.600","6.000","19.80K","-1.67%"
"04/02/2020","6.600","6.600","6.650","6.000","5.50K","0.00%"
"04/01/2020","6.600","6.600","6.600","6.500","6.20K","0.00%"
"03/31/2020","6.600","6.690","6.690","6.300","12.00K","-1.35%"
"03/30/2020","6.690","6.750","6.750","6.500","11.70K","1.36%"
"03/27/2020","6.600","6.780","6.780","6.310","18.60K","4.76%"
"03/26/2020","6.300","6.800","6.800","6.250","52.80K","-3.08%"
"03/25/2020","6.500","5.610","6.500","5.610","22.90K","6.56%"
"03/24/2020","6.100","6.000","6.300","5.600","16.40K","10.91%"
"03/23/2020","5.500","6.000","6.000","5.500","17.50K","-9.09%"
"03/20/2020","6.050","5.000","6.050","5.000","18.70K","21.00%"
"03/19/2020","5.000","6.000","6.000","5.000","53.10K","-16.53%"
"03/17/2020","5.990","5.980","5.990","5.850","11.60K","0.00%"
"03/16/2020","5.990","5.980","5.990","5.850","11.60K","0.00%"
"03/13/2020","5.990","6.100","6.200","5.500","32.10K","-3.39%"
"03/12/2020","6.200","6.200","6.200","5.750","32.30K","-0.80%"
"03/11/2020","6.250","6.100","6.250","5.760","20.30K","4.34%"
"03/10/2020","5.990","6.350","6.350","5.760","44.50K","-7.56%"
"03/09/2020","6.480","6.500","6.800","6.300","12.00K","-4.71%"
"03/06/2020","6.800","6.800","6.800","6.500","20.40K","0.00%"
"03/05/2020","6.800","6.800","6.800","6.700","4.90K","0.00%"
"03/04/2020","6.800","6.800","6.800","6.700","5.80K","0.00%"
"03/03/2020","6.800","6.640","6.800","6.600","15.40K","3.03%"
"03/02/2020","6.600","6.900","6.900","6.500","39.90K","-4.35%"
"02/28/2020","6.900","6.920","6.920","6.500","9.00K","-1.43%"
"02/27/2020","7.000","6.950","7.000","6.950","2.10K","0.72%"
"02/26/2020","6.950","7.300","7.300","6.950","24.50K","-0.71%"
"02/24/2020","7.000","7.000","7.300","6.900","20.50K","0.00%"
"02/21/2020","7.000","7.300","7.300","7.000","3.90K","-2.78%"
"02/20/2020","7.200","7.000","7.300","7.000","4.90K","-1.37%"
"02/19/2020","7.300","7.490","7.490","7.100","8.10K","-1.35%"
"02/18/2020","7.400","7.250","7.400","7.250","2.90K","0.00%"
"02/17/2020","7.400","7.400","7.400","7.400","0.10K","5.71%"
"02/14/2020","7.000","7.300","7.300","7.000","2.70K","-4.11%"
"02/13/2020","7.300","7.350","7.400","7.300","8.00K","-1.35%"
"02/12/2020","7.400","7.400","7.400","7.400","1.60K","0.68%"
"02/11/2020","7.350","7.150","7.350","7.150","2.90K","2.80%"
"02/10/2020","7.150","7.400","7.400","7.150","7.50K","-3.38%"
"02/07/2020","7.400","7.400","7.400","7.400","0.40K","2.78%"
"02/06/2020","7.200","7.300","7.400","7.100","8.70K","-2.04%"
"02/05/2020","7.350","7.150","7.400","7.000","4.10K","3.52%"
"02/04/2020","7.100","7.300","7.390","7.000","17.60K","-2.74%"
"02/03/2020","7.300","7.010","7.300","6.950","27.30K","-1.35%"
"01/31/2020","7.400","7.200","7.400","7.010","10.60K","1.37%"
"01/30/2020","7.300","7.300","7.500","7.300","5.10K","0.00%"
"01/29/2020","7.300","7.350","7.590","7.250","7.50K","-1.35%"
"01/28/2020","7.400","7.360","7.500","7.350","3.80K","0.00%"
"01/27/2020","7.400","7.400","7.400","7.350","6.20K","-1.33%"
"01/24/2020","7.500","7.400","7.500","7.400","3.40K","0.00%"
"01/23/2020","7.500","7.980","7.980","7.500","2.00K","2.74%"
"01/22/2020","7.300","7.400","7.400","7.300","11.00K","-1.35%"
"01/21/2020","7.400","7.400","7.400","7.400","6.60K","-0.67%"
"01/20/2020","7.450","7.400","7.450","7.400","9.30K","0.68%"
"01/17/2020","7.400","7.400","7.400","7.390","14.40K","-1.33%"
"01/16/2020","7.500","7.900","7.900","7.400","1.10K","-4.46%"
"01/15/2020","7.850","7.500","7.850","7.300","6.20K","4.67%"
"01/14/2020","7.500","7.500","7.500","7.310","14.30K","0.00%"
"01/13/2020","7.500","7.800","7.800","7.500","4.90K","0.00%"
"01/10/2020","7.500","7.800","7.800","7.500","4.90K","0.00%"
"01/09/2020","7.500","7.210","7.650","7.210","6.40K","-1.96%"
"01/08/2020","7.650","7.750","7.750","7.650","1.30K","-1.29%"
"01/07/2020","7.750","7.800","7.800","7.750","0.90K","4.45%"
"01/06/2020","7.420","7.850","7.850","7.380","6.20K","2.91%"
"01/03/2020","7.210","7.790","7.790","7.210","4.90K","-7.45%"
"01/02/2020","7.790","7.850","7.850","7.110","2.20K","-0.76%"
"12/27/2019","7.850","7.850","7.850","7.100","4.80K","0.00%"
"12/26/2019","7.850","7.500","7.850","7.500","2.40K","4.67%"
"12/23/2019","7.500","7.200","7.500","7.200","3.20K","2.74%"
"12/20/2019","7.300","7.300","7.500","7.100","19.10K","-2.67%"
"12/19/2019","7.500","7.300","7.500","7.300","5.10K","1.35%"
"12/18/2019","7.400","7.500","7.500","7.400","8.60K","0.00%"
"12/17/2019","7.400","7.980","7.980","7.300","35.60K","-7.38%"
"12/16/2019","7.990","7.500","7.990","7.500","22.20K","-0.13%"
"12/13/2019","8.000","7.500","8.000","7.500","6.60K","9.59%"
"12/12/2019","7.300","7.500","7.500","7.300","5.90K","-2.67%"
"12/11/2019","7.500","7.520","8.000","7.300","19.60K","-1.57%"
"12/10/2019","7.620","7.620","7.620","7.620","0.90K","0.00%"
"12/09/2019","7.620","7.620","7.620","7.600","5.50K","-0.13%"
"12/06/2019","7.630","7.740","7.740","7.500","6.40K","-1.42%"
"12/05/2019","7.740","7.780","7.780","7.500","9.90K","-0.51%"
"12/04/2019","7.780","7.500","7.790","7.500","2.90K","-0.13%"
"12/03/2019","7.790","7.790","7.790","7.790","4.20K","-0.13%"
"12/02/2019","7.800","7.650","7.800","7.500","22.80K","1.96%"